instance,algorithm,seed,objv,lb,bkv,bklb,slope,wind
Medium_Flat_Light_High_Moderate_Moderate_Early_VeryLate_123,MIP,3,820.0,206.0,607.0,480.0,Flat,Light
Medium_Flat_Light_High_Moderate_Moderate_Early_VeryLate_123,MIP,4,821.0,199.0,607.0,480.0,Flat,Light
Medium_Flat_Light_High_Moderate_Moderate_Early_VeryLate_123,MIP,10,804.0,203.0,607.0,480.0,Flat,Light
Medium_Flat_Light_High_Moderate_Moderate_Early_VeryLate_123,MIP,1,774.0,202.0,607.0,480.0,Flat,Light
Medium_Flat_Light_High_Moderate_Moderate_Early_VeryLate_123,MIP,9,768.0,208.0,607.0,480.0,Flat,Light
Medium_Flat_Light_High_Moderate_Moderate_Early_VeryLate_123,MIP,5,766.0,272.0,607.0,480.0,Flat,Light
Medium_Flat_Light_High_Moderate_Moderate_Early_VeryLate_123,MIP,6,771.0,275.0,607.0,480.0,Flat,Light
Medium_Flat_Light_High_Moderate_Moderate_Early_VeryLate_123,MIP,7,795.0,279.0,607.0,480.0,Flat,Light
Medium_Flat_Light_High_Moderate_Moderate_Early_VeryLate_123,MIP,8,795.0,200.0,607.0,480.0,Flat,Light
Medium_Flat_Light_High_Moderate_Moderate_Early_VeryLate_123,MIP,2,838.0,204.0,607.0,480.0,Flat,Light
Medium_Flat_Light_High_Moderate_Moderate_Early_VeryLate_123,IBS,10,610.0,0.0,607.0,480.0,Flat,Light
Medium_Flat_Light_High_Moderate_Moderate_Early_VeryLate_123,IBS,1,610.0,0.0,607.0,480.0,Flat,Light
Medium_Flat_Light_High_Moderate_Moderate_Early_VeryLate_123,IBS,5,608.0,0.0,607.0,480.0,Flat,Light
Medium_Flat_Light_High_Moderate_Moderate_Early_VeryLate_123,IBS,9,610.0,0.0,607.0,480.0,Flat,Light
Medium_Flat_Light_High_Moderate_Moderate_Early_VeryLate_123,IBS,7,610.0,0.0,607.0,480.0,Flat,Light
Medium_Flat_Light_High_Moderate_Moderate_Early_VeryLate_123,IBS,6,607.0,0.0,607.0,480.0,Flat,Light
Medium_Flat_Light_High_Moderate_Moderate_Early_VeryLate_123,IBS,8,610.0,0.0,607.0,480.0,Flat,Light
Medium_Flat_Light_High_Moderate_Moderate_Early_VeryLate_123,IBS,2,610.0,0.0,607.0,480.0,Flat,Light
Medium_Flat_Light_High_Moderate_Moderate_Early_VeryLate_123,IBS,4,610.0,0.0,607.0,480.0,Flat,Light
Medium_Flat_Light_High_Moderate_Moderate_Early_VeryLate_123,IBS,3,610.0,0.0,607.0,480.0,Flat,Light
Medium_Flat_Light_High_Moderate_Moderate_Early_VeryLate_123,CUTH,4,814.0,0.0,607.0,480.0,Flat,Light
Medium_Flat_Light_High_Moderate_Moderate_Early_VeryLate_123,CUTH,3,814.0,0.0,607.0,480.0,Flat,Light
Medium_Flat_Light_High_Moderate_Moderate_Early_VeryLate_123,CUTH,7,814.0,0.0,607.0,480.0,Flat,Light
Medium_Flat_Light_High_Moderate_Moderate_Early_VeryLate_123,CUTH,6,814.0,0.0,607.0,480.0,Flat,Light
Medium_Flat_Light_High_Moderate_Moderate_Early_VeryLate_123,CUTH,8,814.0,0.0,607.0,480.0,Flat,Light
Medium_Flat_Light_High_Moderate_Moderate_Early_VeryLate_123,CUTH,10,814.0,0.0,607.0,480.0,Flat,Light
Medium_Flat_Light_High_Moderate_Moderate_Early_VeryLate_123,CUTH,9,814.0,0.0,607.0,480.0,Flat,Light
Medium_Flat_Light_High_Moderate_Moderate_Early_VeryLate_123,CUTH,1,814.0,0.0,607.0,480.0,Flat,Light
Medium_Flat_Light_High_Moderate_Moderate_Early_VeryLate_123,CUTH,5,814.0,0.0,607.0,480.0,Flat,Light
Medium_Flat_Light_High_Moderate_Moderate_Early_VeryLate_123,CUTH,2,814.0,0.0,607.0,480.0,Flat,Light
Medium_Flat_Light_High_Moderate_Moderate_Early_VeryLate_123,LBBD,5,836.0,463.0,607.0,480.0,Flat,Light
Medium_Flat_Light_High_Moderate_Moderate_Early_VeryLate_123,LBBD,10,850.0,461.0,607.0,480.0,Flat,Light
Medium_Flat_Light_High_Moderate_Moderate_Early_VeryLate_123,LBBD,3,896.0,466.0,607.0,480.0,Flat,Light
Medium_Flat_Light_High_Moderate_Moderate_Early_VeryLate_123,LBBD,7,879.0,480.0,607.0,480.0,Flat,Light
Medium_Flat_Light_High_Moderate_Moderate_Early_VeryLate_123,LBBD,1,892.0,474.0,607.0,480.0,Flat,Light
Medium_Flat_Light_High_Moderate_Moderate_Early_VeryLate_123,LBBD,4,840.0,475.0,607.0,480.0,Flat,Light
Medium_Flat_Light_High_Moderate_Moderate_Early_VeryLate_123,LBBD,9,897.0,468.0,607.0,480.0,Flat,Light
Medium_Flat_Light_High_Moderate_Moderate_Early_VeryLate_123,LBBD,8,775.0,473.0,607.0,480.0,Flat,Light
Medium_Flat_Light_High_Moderate_Moderate_Early_VeryLate_123,LBBD,6,890.0,469.0,607.0,480.0,Flat,Light
Medium_Flat_Light_High_Moderate_Moderate_Early_VeryLate_123,LBBD,2,899.0,461.0,607.0,480.0,Flat,Light
Medium_Flat_Light_High_Moderate_Moderate_Early_VeryLate_123,ILS,10,891.0,0.0,607.0,480.0,Flat,Light
Medium_Flat_Light_High_Moderate_Moderate_Early_VeryLate_123,ILS,5,898.0,0.0,607.0,480.0,Flat,Light
Medium_Flat_Light_High_Moderate_Moderate_Early_VeryLate_123,ILS,6,898.0,0.0,607.0,480.0,Flat,Light
Medium_Flat_Light_High_Moderate_Moderate_Early_VeryLate_123,ILS,8,898.0,0.0,607.0,480.0,Flat,Light
Medium_Flat_Light_High_Moderate_Moderate_Early_VeryLate_123,ILS,9,891.0,0.0,607.0,480.0,Flat,Light
Medium_Flat_Light_High_Moderate_Moderate_Early_VeryLate_123,ILS,1,898.0,0.0,607.0,480.0,Flat,Light
Medium_Flat_Light_High_Moderate_Moderate_Early_VeryLate_123,ILS,4,895.0,0.0,607.0,480.0,Flat,Light
Medium_Flat_Light_High_Moderate_Moderate_Early_VeryLate_123,ILS,7,899.0,0.0,607.0,480.0,Flat,Light
Medium_Flat_Light_High_Moderate_Moderate_Early_VeryLate_123,ILS,3,879.0,0.0,607.0,480.0,Flat,Light
Medium_Flat_Light_High_Moderate_Moderate_Early_VeryLate_123,ILS,2,897.0,0.0,607.0,480.0,Flat,Light
Medium_Flat_Light_High_Moderate_Moderate_Early_VeryLate_123,RS,1,871.0,0.0,607.0,480.0,Flat,Light
Medium_Steep_Light_High_Moderate_Moderate_Early_VeryLate_123,MIP,1,746.0,253.0,564.0,444.0,Steep,Light
Medium_Steep_Light_High_Moderate_Moderate_Early_VeryLate_123,MIP,7,776.0,195.0,564.0,444.0,Steep,Light
Medium_Steep_Light_High_Moderate_Moderate_Early_VeryLate_123,MIP,9,776.0,193.0,564.0,444.0,Steep,Light
Medium_Steep_Light_High_Moderate_Moderate_Early_VeryLate_123,MIP,6,683.0,183.0,564.0,444.0,Steep,Light
Medium_Steep_Light_High_Moderate_Moderate_Early_VeryLate_123,MIP,3,744.0,187.0,564.0,444.0,Steep,Light
Medium_Steep_Light_High_Moderate_Moderate_Early_VeryLate_123,MIP,8,726.0,204.0,564.0,444.0,Steep,Light
Medium_Steep_Light_High_Moderate_Moderate_Early_VeryLate_123,MIP,10,756.0,185.0,564.0,444.0,Steep,Light
Medium_Steep_Light_High_Moderate_Moderate_Early_VeryLate_123,MIP,4,773.0,189.0,564.0,444.0,Steep,Light
Medium_Steep_Light_High_Moderate_Moderate_Early_VeryLate_123,MIP,5,720.0,185.0,564.0,444.0,Steep,Light
Medium_Steep_Light_High_Moderate_Moderate_Early_VeryLate_123,MIP,2,792.0,189.0,564.0,444.0,Steep,Light
Medium_Steep_Light_High_Moderate_Moderate_Early_VeryLate_123,IBS,7,569.0,0.0,564.0,444.0,Steep,Light
Medium_Steep_Light_High_Moderate_Moderate_Early_VeryLate_123,IBS,3,568.0,0.0,564.0,444.0,Steep,Light
Medium_Steep_Light_High_Moderate_Moderate_Early_VeryLate_123,IBS,2,569.0,0.0,564.0,444.0,Steep,Light
Medium_Steep_Light_High_Moderate_Moderate_Early_VeryLate_123,IBS,6,564.0,0.0,564.0,444.0,Steep,Light
Medium_Steep_Light_High_Moderate_Moderate_Early_VeryLate_123,IBS,4,570.0,0.0,564.0,444.0,Steep,Light
Medium_Steep_Light_High_Moderate_Moderate_Early_VeryLate_123,IBS,1,569.0,0.0,564.0,444.0,Steep,Light
Medium_Steep_Light_High_Moderate_Moderate_Early_VeryLate_123,IBS,8,569.0,0.0,564.0,444.0,Steep,Light
Medium_Steep_Light_High_Moderate_Moderate_Early_VeryLate_123,IBS,10,566.0,0.0,564.0,444.0,Steep,Light
Medium_Steep_Light_High_Moderate_Moderate_Early_VeryLate_123,IBS,9,567.0,0.0,564.0,444.0,Steep,Light
Medium_Steep_Light_High_Moderate_Moderate_Early_VeryLate_123,IBS,5,568.0,0.0,564.0,444.0,Steep,Light
Medium_Steep_Light_High_Moderate_Moderate_Early_VeryLate_123,CUTH,2,832.0,0.0,564.0,444.0,Steep,Light
Medium_Steep_Light_High_Moderate_Moderate_Early_VeryLate_123,CUTH,8,832.0,0.0,564.0,444.0,Steep,Light
Medium_Steep_Light_High_Moderate_Moderate_Early_VeryLate_123,CUTH,10,832.0,0.0,564.0,444.0,Steep,Light
Medium_Steep_Light_High_Moderate_Moderate_Early_VeryLate_123,CUTH,9,832.0,0.0,564.0,444.0,Steep,Light
Medium_Steep_Light_High_Moderate_Moderate_Early_VeryLate_123,CUTH,1,832.0,0.0,564.0,444.0,Steep,Light
Medium_Steep_Light_High_Moderate_Moderate_Early_VeryLate_123,CUTH,4,832.0,0.0,564.0,444.0,Steep,Light
Medium_Steep_Light_High_Moderate_Moderate_Early_VeryLate_123,CUTH,5,832.0,0.0,564.0,444.0,Steep,Light
Medium_Steep_Light_High_Moderate_Moderate_Early_VeryLate_123,CUTH,3,832.0,0.0,564.0,444.0,Steep,Light
Medium_Steep_Light_High_Moderate_Moderate_Early_VeryLate_123,CUTH,7,832.0,0.0,564.0,444.0,Steep,Light
Medium_Steep_Light_High_Moderate_Moderate_Early_VeryLate_123,CUTH,6,832.0,0.0,564.0,444.0,Steep,Light
Medium_Steep_Light_High_Moderate_Moderate_Early_VeryLate_123,LBBD,7,896.0,428.0,564.0,444.0,Steep,Light
Medium_Steep_Light_High_Moderate_Moderate_Early_VeryLate_123,LBBD,4,899.0,434.0,564.0,444.0,Steep,Light
Medium_Steep_Light_High_Moderate_Moderate_Early_VeryLate_123,LBBD,9,860.0,419.0,564.0,444.0,Steep,Light
Medium_Steep_Light_High_Moderate_Moderate_Early_VeryLate_123,LBBD,10,875.0,431.0,564.0,444.0,Steep,Light
Medium_Steep_Light_High_Moderate_Moderate_Early_VeryLate_123,LBBD,1,896.0,397.0,564.0,444.0,Steep,Light
Medium_Steep_Light_High_Moderate_Moderate_Early_VeryLate_123,LBBD,6,854.0,425.0,564.0,444.0,Steep,Light
Medium_Steep_Light_High_Moderate_Moderate_Early_VeryLate_123,LBBD,8,898.0,439.0,564.0,444.0,Steep,Light
Medium_Steep_Light_High_Moderate_Moderate_Early_VeryLate_123,LBBD,3,895.0,426.0,564.0,444.0,Steep,Light
Medium_Steep_Light_High_Moderate_Moderate_Early_VeryLate_123,LBBD,5,896.0,444.0,564.0,444.0,Steep,Light
Medium_Steep_Light_High_Moderate_Moderate_Early_VeryLate_123,LBBD,2,830.0,417.0,564.0,444.0,Steep,Light
Medium_Steep_Light_High_Moderate_Moderate_Early_VeryLate_123,ILS,9,890.0,0.0,564.0,444.0,Steep,Light
Medium_Steep_Light_High_Moderate_Moderate_Early_VeryLate_123,ILS,4,890.0,0.0,564.0,444.0,Steep,Light
Medium_Steep_Light_High_Moderate_Moderate_Early_VeryLate_123,ILS,10,894.0,0.0,564.0,444.0,Steep,Light
Medium_Steep_Light_High_Moderate_Moderate_Early_VeryLate_123,ILS,3,890.0,0.0,564.0,444.0,Steep,Light
Medium_Steep_Light_High_Moderate_Moderate_Early_VeryLate_123,ILS,5,889.0,0.0,564.0,444.0,Steep,Light
Medium_Steep_Light_High_Moderate_Moderate_Early_VeryLate_123,ILS,1,896.0,0.0,564.0,444.0,Steep,Light
Medium_Steep_Light_High_Moderate_Moderate_Early_VeryLate_123,ILS,8,898.0,0.0,564.0,444.0,Steep,Light
Medium_Steep_Light_High_Moderate_Moderate_Early_VeryLate_123,ILS,6,895.0,0.0,564.0,444.0,Steep,Light
Medium_Steep_Light_High_Moderate_Moderate_Early_VeryLate_123,ILS,2,891.0,0.0,564.0,444.0,Steep,Light
Medium_Steep_Light_High_Moderate_Moderate_Early_VeryLate_123,ILS,7,889.0,0.0,564.0,444.0,Steep,Light
Medium_Steep_Light_High_Moderate_Moderate_Early_VeryLate_123,RS,1,869.0,0.0,564.0,444.0,Steep,Light
Medium_Moderate_Light_High_Moderate_Moderate_Early_VeryLate_123,MIP,6,683.0,186.0,615.0,443.0,Moderate,Light
Medium_Moderate_Light_High_Moderate_Moderate_Early_VeryLate_123,MIP,4,752.0,188.0,615.0,443.0,Moderate,Light
Medium_Moderate_Light_High_Moderate_Moderate_Early_VeryLate_123,MIP,9,808.0,203.0,615.0,443.0,Moderate,Light
Medium_Moderate_Light_High_Moderate_Moderate_Early_VeryLate_123,MIP,1,834.0,260.0,615.0,443.0,Moderate,Light
Medium_Moderate_Light_High_Moderate_Moderate_Early_VeryLate_123,MIP,8,814.0,193.0,615.0,443.0,Moderate,Light
Medium_Moderate_Light_High_Moderate_Moderate_Early_VeryLate_123,MIP,10,742.0,189.0,615.0,443.0,Moderate,Light
Medium_Moderate_Light_High_Moderate_Moderate_Early_VeryLate_123,MIP,3,816.0,185.0,615.0,443.0,Moderate,Light
Medium_Moderate_Light_High_Moderate_Moderate_Early_VeryLate_123,MIP,2,771.0,189.0,615.0,443.0,Moderate,Light
Medium_Moderate_Light_High_Moderate_Moderate_Early_VeryLate_123,MIP,7,817.0,186.0,615.0,443.0,Moderate,Light
Medium_Moderate_Light_High_Moderate_Moderate_Early_VeryLate_123,MIP,5,752.0,186.0,615.0,443.0,Moderate,Light
Medium_Moderate_Light_High_Moderate_Moderate_Early_VeryLate_123,IBS,6,622.0,0.0,615.0,443.0,Moderate,Light
Medium_Moderate_Light_High_Moderate_Moderate_Early_VeryLate_123,IBS,10,623.0,0.0,615.0,443.0,Moderate,Light
Medium_Moderate_Light_High_Moderate_Moderate_Early_VeryLate_123,IBS,2,620.0,0.0,615.0,443.0,Moderate,Light
Medium_Moderate_Light_High_Moderate_Moderate_Early_VeryLate_123,IBS,4,616.0,0.0,615.0,443.0,Moderate,Light
Medium_Moderate_Light_High_Moderate_Moderate_Early_VeryLate_123,IBS,5,617.0,0.0,615.0,443.0,Moderate,Light
Medium_Moderate_Light_High_Moderate_Moderate_Early_VeryLate_123,IBS,1,620.0,0.0,615.0,443.0,Moderate,Light
Medium_Moderate_Light_High_Moderate_Moderate_Early_VeryLate_123,IBS,8,615.0,0.0,615.0,443.0,Moderate,Light
Medium_Moderate_Light_High_Moderate_Moderate_Early_VeryLate_123,IBS,9,622.0,0.0,615.0,443.0,Moderate,Light
Medium_Moderate_Light_High_Moderate_Moderate_Early_VeryLate_123,IBS,7,617.0,0.0,615.0,443.0,Moderate,Light
Medium_Moderate_Light_High_Moderate_Moderate_Early_VeryLate_123,IBS,3,615.0,0.0,615.0,443.0,Moderate,Light
Medium_Moderate_Light_High_Moderate_Moderate_Early_VeryLate_123,CUTH,7,822.0,0.0,615.0,443.0,Moderate,Light
Medium_Moderate_Light_High_Moderate_Moderate_Early_VeryLate_123,CUTH,6,822.0,0.0,615.0,443.0,Moderate,Light
Medium_Moderate_Light_High_Moderate_Moderate_Early_VeryLate_123,CUTH,10,822.0,0.0,615.0,443.0,Moderate,Light
Medium_Moderate_Light_High_Moderate_Moderate_Early_VeryLate_123,CUTH,8,822.0,0.0,615.0,443.0,Moderate,Light
Medium_Moderate_Light_High_Moderate_Moderate_Early_VeryLate_123,CUTH,1,822.0,0.0,615.0,443.0,Moderate,Light
Medium_Moderate_Light_High_Moderate_Moderate_Early_VeryLate_123,CUTH,2,822.0,0.0,615.0,443.0,Moderate,Light
Medium_Moderate_Light_High_Moderate_Moderate_Early_VeryLate_123,CUTH,4,822.0,0.0,615.0,443.0,Moderate,Light
Medium_Moderate_Light_High_Moderate_Moderate_Early_VeryLate_123,CUTH,9,822.0,0.0,615.0,443.0,Moderate,Light
Medium_Moderate_Light_High_Moderate_Moderate_Early_VeryLate_123,CUTH,5,822.0,0.0,615.0,443.0,Moderate,Light
Medium_Moderate_Light_High_Moderate_Moderate_Early_VeryLate_123,CUTH,3,822.0,0.0,615.0,443.0,Moderate,Light
Medium_Moderate_Light_High_Moderate_Moderate_Early_VeryLate_123,LBBD,1,898.0,409.0,615.0,443.0,Moderate,Light
Medium_Moderate_Light_High_Moderate_Moderate_Early_VeryLate_123,LBBD,6,785.0,430.0,615.0,443.0,Moderate,Light
Medium_Moderate_Light_High_Moderate_Moderate_Early_VeryLate_123,LBBD,3,900.0,436.0,615.0,443.0,Moderate,Light
Medium_Moderate_Light_High_Moderate_Moderate_Early_VeryLate_123,LBBD,5,763.0,441.0,615.0,443.0,Moderate,Light
Medium_Moderate_Light_High_Moderate_Moderate_Early_VeryLate_123,LBBD,9,894.0,438.0,615.0,443.0,Moderate,Light
Medium_Moderate_Light_High_Moderate_Moderate_Early_VeryLate_123,LBBD,2,840.0,442.0,615.0,443.0,Moderate,Light
Medium_Moderate_Light_High_Moderate_Moderate_Early_VeryLate_123,LBBD,7,900.0,437.0,615.0,443.0,Moderate,Light
Medium_Moderate_Light_High_Moderate_Moderate_Early_VeryLate_123,LBBD,10,819.0,432.0,615.0,443.0,Moderate,Light
Medium_Moderate_Light_High_Moderate_Moderate_Early_VeryLate_123,LBBD,8,840.0,435.0,615.0,443.0,Moderate,Light
Medium_Moderate_Light_High_Moderate_Moderate_Early_VeryLate_123,LBBD,4,898.0,422.0,615.0,443.0,Moderate,Light
Medium_Moderate_Light_High_Moderate_Moderate_Early_VeryLate_123,ILS,7,894.0,0.0,615.0,443.0,Moderate,Light
Medium_Moderate_Light_High_Moderate_Moderate_Early_VeryLate_123,ILS,5,891.0,0.0,615.0,443.0,Moderate,Light
Medium_Moderate_Light_High_Moderate_Moderate_Early_VeryLate_123,ILS,3,898.0,0.0,615.0,443.0,Moderate,Light
Medium_Moderate_Light_High_Moderate_Moderate_Early_VeryLate_123,ILS,1,898.0,0.0,615.0,443.0,Moderate,Light
Medium_Moderate_Light_High_Moderate_Moderate_Early_VeryLate_123,ILS,9,849.0,0.0,615.0,443.0,Moderate,Light
Medium_Moderate_Light_High_Moderate_Moderate_Early_VeryLate_123,ILS,2,892.0,0.0,615.0,443.0,Moderate,Light
Medium_Moderate_Light_High_Moderate_Moderate_Early_VeryLate_123,ILS,10,893.0,0.0,615.0,443.0,Moderate,Light
Medium_Moderate_Light_High_Moderate_Moderate_Early_VeryLate_123,ILS,8,895.0,0.0,615.0,443.0,Moderate,Light
Medium_Moderate_Light_High_Moderate_Moderate_Early_VeryLate_123,ILS,6,855.0,0.0,615.0,443.0,Moderate,Light
Medium_Moderate_Light_High_Moderate_Moderate_Early_VeryLate_123,ILS,4,898.0,0.0,615.0,443.0,Moderate,Light
Medium_Moderate_Light_High_Moderate_Moderate_Early_VeryLate_123,RS,1,867.0,0.0,615.0,443.0,Moderate,Light
Medium_Flat_Strong_High_Moderate_Moderate_Early_VeryLate_123,MIP,7,742.0,279.0,601.0,375.0,Flat,Strong
Medium_Flat_Strong_High_Moderate_Moderate_Early_VeryLate_123,MIP,5,797.0,275.0,601.0,375.0,Flat,Strong
Medium_Flat_Strong_High_Moderate_Moderate_Early_VeryLate_123,MIP,6,785.0,278.0,601.0,375.0,Flat,Strong
Medium_Flat_Strong_High_Moderate_Moderate_Early_VeryLate_123,MIP,3,775.0,245.0,601.0,375.0,Flat,Strong
Medium_Flat_Strong_High_Moderate_Moderate_Early_VeryLate_123,MIP,4,797.0,275.0,601.0,375.0,Flat,Strong
Medium_Flat_Strong_High_Moderate_Moderate_Early_VeryLate_123,MIP,10,786.0,275.0,601.0,375.0,Flat,Strong
Medium_Flat_Strong_High_Moderate_Moderate_Early_VeryLate_123,MIP,1,735.0,275.0,601.0,375.0,Flat,Strong
Medium_Flat_Strong_High_Moderate_Moderate_Early_VeryLate_123,MIP,2,843.0,251.0,601.0,375.0,Flat,Strong
Medium_Flat_Strong_High_Moderate_Moderate_Early_VeryLate_123,MIP,8,746.0,270.0,601.0,375.0,Flat,Strong
Medium_Flat_Strong_High_Moderate_Moderate_Early_VeryLate_123,MIP,9,744.0,271.0,601.0,375.0,Flat,Strong
Medium_Flat_Strong_High_Moderate_Moderate_Early_VeryLate_123,IBS,3,606.0,0.0,601.0,375.0,Flat,Strong
Medium_Flat_Strong_High_Moderate_Moderate_Early_VeryLate_123,IBS,7,601.0,0.0,601.0,375.0,Flat,Strong
Medium_Flat_Strong_High_Moderate_Moderate_Early_VeryLate_123,IBS,1,609.0,0.0,601.0,375.0,Flat,Strong
Medium_Flat_Strong_High_Moderate_Moderate_Early_VeryLate_123,IBS,4,605.0,0.0,601.0,375.0,Flat,Strong
Medium_Flat_Strong_High_Moderate_Moderate_Early_VeryLate_123,IBS,6,605.0,0.0,601.0,375.0,Flat,Strong
Medium_Flat_Strong_High_Moderate_Moderate_Early_VeryLate_123,IBS,8,604.0,0.0,601.0,375.0,Flat,Strong
Medium_Flat_Strong_High_Moderate_Moderate_Early_VeryLate_123,IBS,2,602.0,0.0,601.0,375.0,Flat,Strong
Medium_Flat_Strong_High_Moderate_Moderate_Early_VeryLate_123,IBS,5,605.0,0.0,601.0,375.0,Flat,Strong
Medium_Flat_Strong_High_Moderate_Moderate_Early_VeryLate_123,IBS,9,606.0,0.0,601.0,375.0,Flat,Strong
Medium_Flat_Strong_High_Moderate_Moderate_Early_VeryLate_123,IBS,10,603.0,0.0,601.0,375.0,Flat,Strong
Medium_Flat_Strong_High_Moderate_Moderate_Early_VeryLate_123,CUTH,9,796.0,0.0,601.0,375.0,Flat,Strong
Medium_Flat_Strong_High_Moderate_Moderate_Early_VeryLate_123,CUTH,4,796.0,0.0,601.0,375.0,Flat,Strong
Medium_Flat_Strong_High_Moderate_Moderate_Early_VeryLate_123,CUTH,7,796.0,0.0,601.0,375.0,Flat,Strong
Medium_Flat_Strong_High_Moderate_Moderate_Early_VeryLate_123,CUTH,10,796.0,0.0,601.0,375.0,Flat,Strong
Medium_Flat_Strong_High_Moderate_Moderate_Early_VeryLate_123,CUTH,2,796.0,0.0,601.0,375.0,Flat,Strong
Medium_Flat_Strong_High_Moderate_Moderate_Early_VeryLate_123,CUTH,3,796.0,0.0,601.0,375.0,Flat,Strong
Medium_Flat_Strong_High_Moderate_Moderate_Early_VeryLate_123,CUTH,6,796.0,0.0,601.0,375.0,Flat,Strong
Medium_Flat_Strong_High_Moderate_Moderate_Early_VeryLate_123,CUTH,1,796.0,0.0,601.0,375.0,Flat,Strong
Medium_Flat_Strong_High_Moderate_Moderate_Early_VeryLate_123,CUTH,5,796.0,0.0,601.0,375.0,Flat,Strong
Medium_Flat_Strong_High_Moderate_Moderate_Early_VeryLate_123,CUTH,8,796.0,0.0,601.0,375.0,Flat,Strong
Medium_Flat_Strong_High_Moderate_Moderate_Early_VeryLate_123,LBBD,2,857.0,347.0,601.0,375.0,Flat,Strong
Medium_Flat_Strong_High_Moderate_Moderate_Early_VeryLate_123,LBBD,5,899.0,336.0,601.0,375.0,Flat,Strong
Medium_Flat_Strong_High_Moderate_Moderate_Early_VeryLate_123,LBBD,6,899.0,344.0,601.0,375.0,Flat,Strong
Medium_Flat_Strong_High_Moderate_Moderate_Early_VeryLate_123,LBBD,3,899.0,324.0,601.0,375.0,Flat,Strong
Medium_Flat_Strong_High_Moderate_Moderate_Early_VeryLate_123,LBBD,4,898.0,357.0,601.0,375.0,Flat,Strong
Medium_Flat_Strong_High_Moderate_Moderate_Early_VeryLate_123,LBBD,1,899.0,347.0,601.0,375.0,Flat,Strong
Medium_Flat_Strong_High_Moderate_Moderate_Early_VeryLate_123,LBBD,8,897.0,360.0,601.0,375.0,Flat,Strong
Medium_Flat_Strong_High_Moderate_Moderate_Early_VeryLate_123,LBBD,10,896.0,375.0,601.0,375.0,Flat,Strong
Medium_Flat_Strong_High_Moderate_Moderate_Early_VeryLate_123,LBBD,7,896.0,321.0,601.0,375.0,Flat,Strong
Medium_Flat_Strong_High_Moderate_Moderate_Early_VeryLate_123,LBBD,9,900.0,346.0,601.0,375.0,Flat,Strong
Medium_Flat_Strong_High_Moderate_Moderate_Early_VeryLate_123,ILS,3,895.0,0.0,601.0,375.0,Flat,Strong
Medium_Flat_Strong_High_Moderate_Moderate_Early_VeryLate_123,ILS,10,890.0,0.0,601.0,375.0,Flat,Strong
Medium_Flat_Strong_High_Moderate_Moderate_Early_VeryLate_123,ILS,7,891.0,0.0,601.0,375.0,Flat,Strong
Medium_Flat_Strong_High_Moderate_Moderate_Early_VeryLate_123,ILS,6,880.0,0.0,601.0,375.0,Flat,Strong
Medium_Flat_Strong_High_Moderate_Moderate_Early_VeryLate_123,ILS,4,897.0,0.0,601.0,375.0,Flat,Strong
Medium_Flat_Strong_High_Moderate_Moderate_Early_VeryLate_123,ILS,2,894.0,0.0,601.0,375.0,Flat,Strong
Medium_Flat_Strong_High_Moderate_Moderate_Early_VeryLate_123,ILS,1,894.0,0.0,601.0,375.0,Flat,Strong
Medium_Flat_Strong_High_Moderate_Moderate_Early_VeryLate_123,ILS,8,898.0,0.0,601.0,375.0,Flat,Strong
Medium_Flat_Strong_High_Moderate_Moderate_Early_VeryLate_123,ILS,9,894.0,0.0,601.0,375.0,Flat,Strong
Medium_Flat_Strong_High_Moderate_Moderate_Early_VeryLate_123,ILS,5,895.0,0.0,601.0,375.0,Flat,Strong
Medium_Flat_Strong_High_Moderate_Moderate_Early_VeryLate_123,RS,1,862.0,0.0,601.0,375.0,Flat,Strong
Medium_Moderate_Strong_High_Moderate_Moderate_Early_VeryLate_123,MIP,7,795.0,279.0,598.0,409.0,Moderate,Strong
Medium_Moderate_Strong_High_Moderate_Moderate_Early_VeryLate_123,MIP,3,753.0,255.0,598.0,409.0,Moderate,Strong
Medium_Moderate_Strong_High_Moderate_Moderate_Early_VeryLate_123,MIP,8,781.0,273.0,598.0,409.0,Moderate,Strong
Medium_Moderate_Strong_High_Moderate_Moderate_Early_VeryLate_123,MIP,9,739.0,249.0,598.0,409.0,Moderate,Strong
Medium_Moderate_Strong_High_Moderate_Moderate_Early_VeryLate_123,MIP,1,802.0,285.0,598.0,409.0,Moderate,Strong
Medium_Moderate_Strong_High_Moderate_Moderate_Early_VeryLate_123,MIP,5,741.0,260.0,598.0,409.0,Moderate,Strong
Medium_Moderate_Strong_High_Moderate_Moderate_Early_VeryLate_123,MIP,6,843.0,280.0,598.0,409.0,Moderate,Strong
Medium_Moderate_Strong_High_Moderate_Moderate_Early_VeryLate_123,MIP,4,771.0,282.0,598.0,409.0,Moderate,Strong
Medium_Moderate_Strong_High_Moderate_Moderate_Early_VeryLate_123,MIP,2,838.0,241.0,598.0,409.0,Moderate,Strong
Medium_Moderate_Strong_High_Moderate_Moderate_Early_VeryLate_123,MIP,10,801.0,284.0,598.0,409.0,Moderate,Strong
Medium_Moderate_Strong_High_Moderate_Moderate_Early_VeryLate_123,IBS,9,601.0,0.0,598.0,409.0,Moderate,Strong
Medium_Moderate_Strong_High_Moderate_Moderate_Early_VeryLate_123,IBS,8,604.0,0.0,598.0,409.0,Moderate,Strong
Medium_Moderate_Strong_High_Moderate_Moderate_Early_VeryLate_123,IBS,7,598.0,0.0,598.0,409.0,Moderate,Strong
Medium_Moderate_Strong_High_Moderate_Moderate_Early_VeryLate_123,IBS,10,602.0,0.0,598.0,409.0,Moderate,Strong
Medium_Moderate_Strong_High_Moderate_Moderate_Early_VeryLate_123,IBS,5,601.0,0.0,598.0,409.0,Moderate,Strong
Medium_Moderate_Strong_High_Moderate_Moderate_Early_VeryLate_123,IBS,6,604.0,0.0,598.0,409.0,Moderate,Strong
Medium_Moderate_Strong_High_Moderate_Moderate_Early_VeryLate_123,IBS,3,602.0,0.0,598.0,409.0,Moderate,Strong
Medium_Moderate_Strong_High_Moderate_Moderate_Early_VeryLate_123,IBS,2,603.0,0.0,598.0,409.0,Moderate,Strong
Medium_Moderate_Strong_High_Moderate_Moderate_Early_VeryLate_123,IBS,4,600.0,0.0,598.0,409.0,Moderate,Strong
Medium_Moderate_Strong_High_Moderate_Moderate_Early_VeryLate_123,IBS,1,606.0,0.0,598.0,409.0,Moderate,Strong
Medium_Moderate_Strong_High_Moderate_Moderate_Early_VeryLate_123,CUTH,7,802.0,0.0,598.0,409.0,Moderate,Strong
Medium_Moderate_Strong_High_Moderate_Moderate_Early_VeryLate_123,CUTH,1,802.0,0.0,598.0,409.0,Moderate,Strong
Medium_Moderate_Strong_High_Moderate_Moderate_Early_VeryLate_123,CUTH,6,802.0,0.0,598.0,409.0,Moderate,Strong
Medium_Moderate_Strong_High_Moderate_Moderate_Early_VeryLate_123,CUTH,10,802.0,0.0,598.0,409.0,Moderate,Strong
Medium_Moderate_Strong_High_Moderate_Moderate_Early_VeryLate_123,CUTH,2,802.0,0.0,598.0,409.0,Moderate,Strong
Medium_Moderate_Strong_High_Moderate_Moderate_Early_VeryLate_123,CUTH,9,802.0,0.0,598.0,409.0,Moderate,Strong
Medium_Moderate_Strong_High_Moderate_Moderate_Early_VeryLate_123,CUTH,4,802.0,0.0,598.0,409.0,Moderate,Strong
Medium_Moderate_Strong_High_Moderate_Moderate_Early_VeryLate_123,CUTH,8,802.0,0.0,598.0,409.0,Moderate,Strong
Medium_Moderate_Strong_High_Moderate_Moderate_Early_VeryLate_123,CUTH,3,802.0,0.0,598.0,409.0,Moderate,Strong
Medium_Moderate_Strong_High_Moderate_Moderate_Early_VeryLate_123,CUTH,5,802.0,0.0,598.0,409.0,Moderate,Strong
Medium_Moderate_Strong_High_Moderate_Moderate_Early_VeryLate_123,LBBD,2,900.0,384.0,598.0,409.0,Moderate,Strong
Medium_Moderate_Strong_High_Moderate_Moderate_Early_VeryLate_123,LBBD,1,899.0,369.0,598.0,409.0,Moderate,Strong
Medium_Moderate_Strong_High_Moderate_Moderate_Early_VeryLate_123,LBBD,5,900.0,378.0,598.0,409.0,Moderate,Strong
Medium_Moderate_Strong_High_Moderate_Moderate_Early_VeryLate_123,LBBD,8,900.0,383.0,598.0,409.0,Moderate,Strong
Medium_Moderate_Strong_High_Moderate_Moderate_Early_VeryLate_123,LBBD,6,900.0,375.0,598.0,409.0,Moderate,Strong
Medium_Moderate_Strong_High_Moderate_Moderate_Early_VeryLate_123,LBBD,4,900.0,381.0,598.0,409.0,Moderate,Strong
Medium_Moderate_Strong_High_Moderate_Moderate_Early_VeryLate_123,LBBD,3,895.0,406.0,598.0,409.0,Moderate,Strong
Medium_Moderate_Strong_High_Moderate_Moderate_Early_VeryLate_123,LBBD,10,896.0,409.0,598.0,409.0,Moderate,Strong
Medium_Moderate_Strong_High_Moderate_Moderate_Early_VeryLate_123,LBBD,9,900.0,400.0,598.0,409.0,Moderate,Strong
Medium_Moderate_Strong_High_Moderate_Moderate_Early_VeryLate_123,LBBD,7,900.0,388.0,598.0,409.0,Moderate,Strong
Medium_Moderate_Strong_High_Moderate_Moderate_Early_VeryLate_123,ILS,8,899.0,0.0,598.0,409.0,Moderate,Strong
Medium_Moderate_Strong_High_Moderate_Moderate_Early_VeryLate_123,ILS,9,884.0,0.0,598.0,409.0,Moderate,Strong
Medium_Moderate_Strong_High_Moderate_Moderate_Early_VeryLate_123,ILS,6,886.0,0.0,598.0,409.0,Moderate,Strong
Medium_Moderate_Strong_High_Moderate_Moderate_Early_VeryLate_123,ILS,4,896.0,0.0,598.0,409.0,Moderate,Strong
Medium_Moderate_Strong_High_Moderate_Moderate_Early_VeryLate_123,ILS,7,898.0,0.0,598.0,409.0,Moderate,Strong
Medium_Moderate_Strong_High_Moderate_Moderate_Early_VeryLate_123,ILS,10,895.0,0.0,598.0,409.0,Moderate,Strong
Medium_Moderate_Strong_High_Moderate_Moderate_Early_VeryLate_123,ILS,2,897.0,0.0,598.0,409.0,Moderate,Strong
Medium_Moderate_Strong_High_Moderate_Moderate_Early_VeryLate_123,ILS,1,897.0,0.0,598.0,409.0,Moderate,Strong
Medium_Moderate_Strong_High_Moderate_Moderate_Early_VeryLate_123,ILS,5,890.0,0.0,598.0,409.0,Moderate,Strong
Medium_Moderate_Strong_High_Moderate_Moderate_Early_VeryLate_123,ILS,3,898.0,0.0,598.0,409.0,Moderate,Strong
Medium_Moderate_Strong_High_Moderate_Moderate_Early_VeryLate_123,RS,1,859.0,0.0,598.0,409.0,Moderate,Strong
Medium_Steep_Strong_High_Moderate_Moderate_Early_VeryLate_123,MIP,4,753.0,196.0,557.0,327.0,Steep,Strong
Medium_Steep_Strong_High_Moderate_Moderate_Early_VeryLate_123,MIP,2,769.0,202.0,557.0,327.0,Steep,Strong
Medium_Steep_Strong_High_Moderate_Moderate_Early_VeryLate_123,MIP,8,689.0,198.0,557.0,327.0,Steep,Strong
Medium_Steep_Strong_High_Moderate_Moderate_Early_VeryLate_123,MIP,1,813.0,198.0,557.0,327.0,Steep,Strong
Medium_Steep_Strong_High_Moderate_Moderate_Early_VeryLate_123,MIP,3,779.0,199.0,557.0,327.0,Steep,Strong
Medium_Steep_Strong_High_Moderate_Moderate_Early_VeryLate_123,MIP,9,789.0,201.0,557.0,327.0,Steep,Strong
Medium_Steep_Strong_High_Moderate_Moderate_Early_VeryLate_123,MIP,5,786.0,203.0,557.0,327.0,Steep,Strong
Medium_Steep_Strong_High_Moderate_Moderate_Early_VeryLate_123,MIP,7,860.0,198.0,557.0,327.0,Steep,Strong
Medium_Steep_Strong_High_Moderate_Moderate_Early_VeryLate_123,MIP,10,836.0,196.0,557.0,327.0,Steep,Strong
Medium_Steep_Strong_High_Moderate_Moderate_Early_VeryLate_123,MIP,6,821.0,206.0,557.0,327.0,Steep,Strong
Medium_Steep_Strong_High_Moderate_Moderate_Early_VeryLate_123,IBS,7,559.0,0.0,557.0,327.0,Steep,Strong
Medium_Steep_Strong_High_Moderate_Moderate_Early_VeryLate_123,IBS,5,557.0,0.0,557.0,327.0,Steep,Strong
Medium_Steep_Strong_High_Moderate_Moderate_Early_VeryLate_123,IBS,6,557.0,0.0,557.0,327.0,Steep,Strong
Medium_Steep_Strong_High_Moderate_Moderate_Early_VeryLate_123,IBS,1,558.0,0.0,557.0,327.0,Steep,Strong
Medium_Steep_Strong_High_Moderate_Moderate_Early_VeryLate_123,IBS,8,558.0,0.0,557.0,327.0,Steep,Strong
Medium_Steep_Strong_High_Moderate_Moderate_Early_VeryLate_123,IBS,9,557.0,0.0,557.0,327.0,Steep,Strong
Medium_Steep_Strong_High_Moderate_Moderate_Early_VeryLate_123,IBS,2,558.0,0.0,557.0,327.0,Steep,Strong
Medium_Steep_Strong_High_Moderate_Moderate_Early_VeryLate_123,IBS,10,557.0,0.0,557.0,327.0,Steep,Strong
Medium_Steep_Strong_High_Moderate_Moderate_Early_VeryLate_123,IBS,4,559.0,0.0,557.0,327.0,Steep,Strong
Medium_Steep_Strong_High_Moderate_Moderate_Early_VeryLate_123,IBS,3,557.0,0.0,557.0,327.0,Steep,Strong
Medium_Steep_Strong_High_Moderate_Moderate_Early_VeryLate_123,CUTH,2,841.0,0.0,557.0,327.0,Steep,Strong
Medium_Steep_Strong_High_Moderate_Moderate_Early_VeryLate_123,CUTH,10,841.0,0.0,557.0,327.0,Steep,Strong
Medium_Steep_Strong_High_Moderate_Moderate_Early_VeryLate_123,CUTH,6,841.0,0.0,557.0,327.0,Steep,Strong
Medium_Steep_Strong_High_Moderate_Moderate_Early_VeryLate_123,CUTH,8,841.0,0.0,557.0,327.0,Steep,Strong
Medium_Steep_Strong_High_Moderate_Moderate_Early_VeryLate_123,CUTH,3,841.0,0.0,557.0,327.0,Steep,Strong
Medium_Steep_Strong_High_Moderate_Moderate_Early_VeryLate_123,CUTH,7,841.0,0.0,557.0,327.0,Steep,Strong
Medium_Steep_Strong_High_Moderate_Moderate_Early_VeryLate_123,CUTH,9,841.0,0.0,557.0,327.0,Steep,Strong
Medium_Steep_Strong_High_Moderate_Moderate_Early_VeryLate_123,CUTH,5,841.0,0.0,557.0,327.0,Steep,Strong
Medium_Steep_Strong_High_Moderate_Moderate_Early_VeryLate_123,CUTH,1,841.0,0.0,557.0,327.0,Steep,Strong
Medium_Steep_Strong_High_Moderate_Moderate_Early_VeryLate_123,CUTH,4,841.0,0.0,557.0,327.0,Steep,Strong
Medium_Steep_Strong_High_Moderate_Moderate_Early_VeryLate_123,LBBD,6,900.0,325.0,557.0,327.0,Steep,Strong
Medium_Steep_Strong_High_Moderate_Moderate_Early_VeryLate_123,LBBD,7,900.0,310.0,557.0,327.0,Steep,Strong
Medium_Steep_Strong_High_Moderate_Moderate_Early_VeryLate_123,LBBD,3,900.0,323.0,557.0,327.0,Steep,Strong
Medium_Steep_Strong_High_Moderate_Moderate_Early_VeryLate_123,LBBD,8,889.0,319.0,557.0,327.0,Steep,Strong
Medium_Steep_Strong_High_Moderate_Moderate_Early_VeryLate_123,LBBD,9,868.0,324.0,557.0,327.0,Steep,Strong
Medium_Steep_Strong_High_Moderate_Moderate_Early_VeryLate_123,LBBD,10,898.0,326.0,557.0,327.0,Steep,Strong
Medium_Steep_Strong_High_Moderate_Moderate_Early_VeryLate_123,LBBD,2,886.0,326.0,557.0,327.0,Steep,Strong
Medium_Steep_Strong_High_Moderate_Moderate_Early_VeryLate_123,LBBD,5,869.0,327.0,557.0,327.0,Steep,Strong
Medium_Steep_Strong_High_Moderate_Moderate_Early_VeryLate_123,LBBD,1,840.0,302.0,557.0,327.0,Steep,Strong
Medium_Steep_Strong_High_Moderate_Moderate_Early_VeryLate_123,LBBD,4,896.0,324.0,557.0,327.0,Steep,Strong
Medium_Steep_Strong_High_Moderate_Moderate_Early_VeryLate_123,ILS,8,894.0,0.0,557.0,327.0,Steep,Strong
Medium_Steep_Strong_High_Moderate_Moderate_Early_VeryLate_123,ILS,6,897.0,0.0,557.0,327.0,Steep,Strong
Medium_Steep_Strong_High_Moderate_Moderate_Early_VeryLate_123,ILS,3,893.0,0.0,557.0,327.0,Steep,Strong
Medium_Steep_Strong_High_Moderate_Moderate_Early_VeryLate_123,ILS,7,894.0,0.0,557.0,327.0,Steep,Strong
Medium_Steep_Strong_High_Moderate_Moderate_Early_VeryLate_123,ILS,2,893.0,0.0,557.0,327.0,Steep,Strong
Medium_Steep_Strong_High_Moderate_Moderate_Early_VeryLate_123,ILS,1,894.0,0.0,557.0,327.0,Steep,Strong
Medium_Steep_Strong_High_Moderate_Moderate_Early_VeryLate_123,ILS,5,897.0,0.0,557.0,327.0,Steep,Strong
Medium_Steep_Strong_High_Moderate_Moderate_Early_VeryLate_123,ILS,10,899.0,0.0,557.0,327.0,Steep,Strong
Medium_Steep_Strong_High_Moderate_Moderate_Early_VeryLate_123,ILS,9,898.0,0.0,557.0,327.0,Steep,Strong
Medium_Steep_Strong_High_Moderate_Moderate_Early_VeryLate_123,ILS,4,898.0,0.0,557.0,327.0,Steep,Strong
Medium_Steep_Strong_High_Moderate_Moderate_Early_VeryLate_123,RS,1,865.0,0.0,557.0,327.0,Steep,Strong
Medium_Flat_Moderate_High_Moderate_Moderate_Early_VeryLate_123,MIP,2,823.0,243.0,611.0,395.0,Flat,Moderate
Medium_Flat_Moderate_High_Moderate_Moderate_Early_VeryLate_123,MIP,7,725.0,248.0,611.0,395.0,Flat,Moderate
Medium_Flat_Moderate_High_Moderate_Moderate_Early_VeryLate_123,MIP,6,669.0,249.0,611.0,395.0,Flat,Moderate
Medium_Flat_Moderate_High_Moderate_Moderate_Early_VeryLate_123,MIP,1,812.0,244.0,611.0,395.0,Flat,Moderate
Medium_Flat_Moderate_High_Moderate_Moderate_Early_VeryLate_123,MIP,5,790.0,243.0,611.0,395.0,Flat,Moderate
Medium_Flat_Moderate_High_Moderate_Moderate_Early_VeryLate_123,MIP,4,814.0,244.0,611.0,395.0,Flat,Moderate
Medium_Flat_Moderate_High_Moderate_Moderate_Early_VeryLate_123,MIP,9,773.0,250.0,611.0,395.0,Flat,Moderate
Medium_Flat_Moderate_High_Moderate_Moderate_Early_VeryLate_123,MIP,3,758.0,246.0,611.0,395.0,Flat,Moderate
Medium_Flat_Moderate_High_Moderate_Moderate_Early_VeryLate_123,MIP,8,822.0,242.0,611.0,395.0,Flat,Moderate
Medium_Flat_Moderate_High_Moderate_Moderate_Early_VeryLate_123,MIP,10,740.0,241.0,611.0,395.0,Flat,Moderate
Medium_Flat_Moderate_High_Moderate_Moderate_Early_VeryLate_123,IBS,7,614.0,0.0,611.0,395.0,Flat,Moderate
Medium_Flat_Moderate_High_Moderate_Moderate_Early_VeryLate_123,IBS,3,614.0,0.0,611.0,395.0,Flat,Moderate
Medium_Flat_Moderate_High_Moderate_Moderate_Early_VeryLate_123,IBS,9,613.0,0.0,611.0,395.0,Flat,Moderate
Medium_Flat_Moderate_High_Moderate_Moderate_Early_VeryLate_123,IBS,2,614.0,0.0,611.0,395.0,Flat,Moderate
Medium_Flat_Moderate_High_Moderate_Moderate_Early_VeryLate_123,IBS,5,611.0,0.0,611.0,395.0,Flat,Moderate
Medium_Flat_Moderate_High_Moderate_Moderate_Early_VeryLate_123,IBS,4,614.0,0.0,611.0,395.0,Flat,Moderate
Medium_Flat_Moderate_High_Moderate_Moderate_Early_VeryLate_123,IBS,10,615.0,0.0,611.0,395.0,Flat,Moderate
Medium_Flat_Moderate_High_Moderate_Moderate_Early_VeryLate_123,IBS,1,615.0,0.0,611.0,395.0,Flat,Moderate
Medium_Flat_Moderate_High_Moderate_Moderate_Early_VeryLate_123,IBS,6,616.0,0.0,611.0,395.0,Flat,Moderate
Medium_Flat_Moderate_High_Moderate_Moderate_Early_VeryLate_123,IBS,8,613.0,0.0,611.0,395.0,Flat,Moderate
Medium_Flat_Moderate_High_Moderate_Moderate_Early_VeryLate_123,CUTH,9,808.0,0.0,611.0,395.0,Flat,Moderate
Medium_Flat_Moderate_High_Moderate_Moderate_Early_VeryLate_123,CUTH,8,808.0,0.0,611.0,395.0,Flat,Moderate
Medium_Flat_Moderate_High_Moderate_Moderate_Early_VeryLate_123,CUTH,5,808.0,0.0,611.0,395.0,Flat,Moderate
Medium_Flat_Moderate_High_Moderate_Moderate_Early_VeryLate_123,CUTH,10,808.0,0.0,611.0,395.0,Flat,Moderate
Medium_Flat_Moderate_High_Moderate_Moderate_Early_VeryLate_123,CUTH,1,808.0,0.0,611.0,395.0,Flat,Moderate
Medium_Flat_Moderate_High_Moderate_Moderate_Early_VeryLate_123,CUTH,4,808.0,0.0,611.0,395.0,Flat,Moderate
Medium_Flat_Moderate_High_Moderate_Moderate_Early_VeryLate_123,CUTH,7,808.0,0.0,611.0,395.0,Flat,Moderate
Medium_Flat_Moderate_High_Moderate_Moderate_Early_VeryLate_123,CUTH,6,808.0,0.0,611.0,395.0,Flat,Moderate
Medium_Flat_Moderate_High_Moderate_Moderate_Early_VeryLate_123,CUTH,2,808.0,0.0,611.0,395.0,Flat,Moderate
Medium_Flat_Moderate_High_Moderate_Moderate_Early_VeryLate_123,CUTH,3,808.0,0.0,611.0,395.0,Flat,Moderate
Medium_Flat_Moderate_High_Moderate_Moderate_Early_VeryLate_123,LBBD,7,899.0,379.0,611.0,395.0,Flat,Moderate
Medium_Flat_Moderate_High_Moderate_Moderate_Early_VeryLate_123,LBBD,10,898.0,356.0,611.0,395.0,Flat,Moderate
Medium_Flat_Moderate_High_Moderate_Moderate_Early_VeryLate_123,LBBD,2,897.0,395.0,611.0,395.0,Flat,Moderate
Medium_Flat_Moderate_High_Moderate_Moderate_Early_VeryLate_123,LBBD,3,900.0,380.0,611.0,395.0,Flat,Moderate
Medium_Flat_Moderate_High_Moderate_Moderate_Early_VeryLate_123,LBBD,9,891.0,391.0,611.0,395.0,Flat,Moderate
Medium_Flat_Moderate_High_Moderate_Moderate_Early_VeryLate_123,LBBD,4,897.0,354.0,611.0,395.0,Flat,Moderate
Medium_Flat_Moderate_High_Moderate_Moderate_Early_VeryLate_123,LBBD,6,900.0,379.0,611.0,395.0,Flat,Moderate
Medium_Flat_Moderate_High_Moderate_Moderate_Early_VeryLate_123,LBBD,8,835.0,375.0,611.0,395.0,Flat,Moderate
Medium_Flat_Moderate_High_Moderate_Moderate_Early_VeryLate_123,LBBD,5,779.0,381.0,611.0,395.0,Flat,Moderate
Medium_Flat_Moderate_High_Moderate_Moderate_Early_VeryLate_123,LBBD,1,890.0,381.0,611.0,395.0,Flat,Moderate
Medium_Flat_Moderate_High_Moderate_Moderate_Early_VeryLate_123,ILS,10,894.0,0.0,611.0,395.0,Flat,Moderate
Medium_Flat_Moderate_High_Moderate_Moderate_Early_VeryLate_123,ILS,3,896.0,0.0,611.0,395.0,Flat,Moderate
Medium_Flat_Moderate_High_Moderate_Moderate_Early_VeryLate_123,ILS,5,891.0,0.0,611.0,395.0,Flat,Moderate
Medium_Flat_Moderate_High_Moderate_Moderate_Early_VeryLate_123,ILS,1,895.0,0.0,611.0,395.0,Flat,Moderate
Medium_Flat_Moderate_High_Moderate_Moderate_Early_VeryLate_123,ILS,7,898.0,0.0,611.0,395.0,Flat,Moderate
Medium_Flat_Moderate_High_Moderate_Moderate_Early_VeryLate_123,ILS,6,892.0,0.0,611.0,395.0,Flat,Moderate
Medium_Flat_Moderate_High_Moderate_Moderate_Early_VeryLate_123,ILS,2,895.0,0.0,611.0,395.0,Flat,Moderate
Medium_Flat_Moderate_High_Moderate_Moderate_Early_VeryLate_123,ILS,9,888.0,0.0,611.0,395.0,Flat,Moderate
Medium_Flat_Moderate_High_Moderate_Moderate_Early_VeryLate_123,ILS,4,896.0,0.0,611.0,395.0,Flat,Moderate
Medium_Flat_Moderate_High_Moderate_Moderate_Early_VeryLate_123,ILS,8,899.0,0.0,611.0,395.0,Flat,Moderate
Medium_Flat_Moderate_High_Moderate_Moderate_Early_VeryLate_123,RS,1,858.0,0.0,611.0,395.0,Flat,Moderate
Medium_Moderate_Moderate_High_Moderate_Moderate_Early_VeryLate_123,MIP,7,772.0,216.0,557.0,388.0,Moderate,Moderate
Medium_Moderate_Moderate_High_Moderate_Moderate_Early_VeryLate_123,MIP,9,849.0,217.0,557.0,388.0,Moderate,Moderate
Medium_Moderate_Moderate_High_Moderate_Moderate_Early_VeryLate_123,MIP,5,791.0,216.0,557.0,388.0,Moderate,Moderate
Medium_Moderate_Moderate_High_Moderate_Moderate_Early_VeryLate_123,MIP,3,772.0,220.0,557.0,388.0,Moderate,Moderate
Medium_Moderate_Moderate_High_Moderate_Moderate_Early_VeryLate_123,MIP,6,668.0,214.0,557.0,388.0,Moderate,Moderate
Medium_Moderate_Moderate_High_Moderate_Moderate_Early_VeryLate_123,MIP,4,856.0,215.0,557.0,388.0,Moderate,Moderate
Medium_Moderate_Moderate_High_Moderate_Moderate_Early_VeryLate_123,MIP,1,770.0,214.0,557.0,388.0,Moderate,Moderate
Medium_Moderate_Moderate_High_Moderate_Moderate_Early_VeryLate_123,MIP,8,810.0,224.0,557.0,388.0,Moderate,Moderate
Medium_Moderate_Moderate_High_Moderate_Moderate_Early_VeryLate_123,MIP,10,695.0,215.0,557.0,388.0,Moderate,Moderate
Medium_Moderate_Moderate_High_Moderate_Moderate_Early_VeryLate_123,MIP,2,839.0,280.0,557.0,388.0,Moderate,Moderate
Medium_Moderate_Moderate_High_Moderate_Moderate_Early_VeryLate_123,IBS,9,558.0,0.0,557.0,388.0,Moderate,Moderate
Medium_Moderate_Moderate_High_Moderate_Moderate_Early_VeryLate_123,IBS,7,557.0,0.0,557.0,388.0,Moderate,Moderate
Medium_Moderate_Moderate_High_Moderate_Moderate_Early_VeryLate_123,IBS,2,558.0,0.0,557.0,388.0,Moderate,Moderate
Medium_Moderate_Moderate_High_Moderate_Moderate_Early_VeryLate_123,IBS,3,559.0,0.0,557.0,388.0,Moderate,Moderate
Medium_Moderate_Moderate_High_Moderate_Moderate_Early_VeryLate_123,IBS,8,565.0,0.0,557.0,388.0,Moderate,Moderate
Medium_Moderate_Moderate_High_Moderate_Moderate_Early_VeryLate_123,IBS,1,574.0,0.0,557.0,388.0,Moderate,Moderate
Medium_Moderate_Moderate_High_Moderate_Moderate_Early_VeryLate_123,IBS,5,566.0,0.0,557.0,388.0,Moderate,Moderate
Medium_Moderate_Moderate_High_Moderate_Moderate_Early_VeryLate_123,IBS,10,567.0,0.0,557.0,388.0,Moderate,Moderate
Medium_Moderate_Moderate_High_Moderate_Moderate_Early_VeryLate_123,IBS,6,557.0,0.0,557.0,388.0,Moderate,Moderate
Medium_Moderate_Moderate_High_Moderate_Moderate_Early_VeryLate_123,IBS,4,575.0,0.0,557.0,388.0,Moderate,Moderate
Medium_Moderate_Moderate_High_Moderate_Moderate_Early_VeryLate_123,CUTH,3,817.0,0.0,557.0,388.0,Moderate,Moderate
Medium_Moderate_Moderate_High_Moderate_Moderate_Early_VeryLate_123,CUTH,1,817.0,0.0,557.0,388.0,Moderate,Moderate
Medium_Moderate_Moderate_High_Moderate_Moderate_Early_VeryLate_123,CUTH,8,817.0,0.0,557.0,388.0,Moderate,Moderate
Medium_Moderate_Moderate_High_Moderate_Moderate_Early_VeryLate_123,CUTH,6,817.0,0.0,557.0,388.0,Moderate,Moderate
Medium_Moderate_Moderate_High_Moderate_Moderate_Early_VeryLate_123,CUTH,10,817.0,0.0,557.0,388.0,Moderate,Moderate
Medium_Moderate_Moderate_High_Moderate_Moderate_Early_VeryLate_123,CUTH,7,817.0,0.0,557.0,388.0,Moderate,Moderate
Medium_Moderate_Moderate_High_Moderate_Moderate_Early_VeryLate_123,CUTH,5,817.0,0.0,557.0,388.0,Moderate,Moderate
Medium_Moderate_Moderate_High_Moderate_Moderate_Early_VeryLate_123,CUTH,9,817.0,0.0,557.0,388.0,Moderate,Moderate
Medium_Moderate_Moderate_High_Moderate_Moderate_Early_VeryLate_123,CUTH,4,817.0,0.0,557.0,388.0,Moderate,Moderate
Medium_Moderate_Moderate_High_Moderate_Moderate_Early_VeryLate_123,CUTH,2,817.0,0.0,557.0,388.0,Moderate,Moderate
Medium_Moderate_Moderate_High_Moderate_Moderate_Early_VeryLate_123,LBBD,10,893.0,353.0,557.0,388.0,Moderate,Moderate
Medium_Moderate_Moderate_High_Moderate_Moderate_Early_VeryLate_123,LBBD,6,899.0,379.0,557.0,388.0,Moderate,Moderate
Medium_Moderate_Moderate_High_Moderate_Moderate_Early_VeryLate_123,LBBD,2,898.0,345.0,557.0,388.0,Moderate,Moderate
Medium_Moderate_Moderate_High_Moderate_Moderate_Early_VeryLate_123,LBBD,3,898.0,361.0,557.0,388.0,Moderate,Moderate
Medium_Moderate_Moderate_High_Moderate_Moderate_Early_VeryLate_123,LBBD,9,900.0,386.0,557.0,388.0,Moderate,Moderate
Medium_Moderate_Moderate_High_Moderate_Moderate_Early_VeryLate_123,LBBD,7,898.0,388.0,557.0,388.0,Moderate,Moderate
Medium_Moderate_Moderate_High_Moderate_Moderate_Early_VeryLate_123,LBBD,1,899.0,336.0,557.0,388.0,Moderate,Moderate
Medium_Moderate_Moderate_High_Moderate_Moderate_Early_VeryLate_123,LBBD,5,899.0,346.0,557.0,388.0,Moderate,Moderate
Medium_Moderate_Moderate_High_Moderate_Moderate_Early_VeryLate_123,LBBD,4,899.0,352.0,557.0,388.0,Moderate,Moderate
Medium_Moderate_Moderate_High_Moderate_Moderate_Early_VeryLate_123,LBBD,8,898.0,365.0,557.0,388.0,Moderate,Moderate
Medium_Moderate_Moderate_High_Moderate_Moderate_Early_VeryLate_123,ILS,1,895.0,0.0,557.0,388.0,Moderate,Moderate
Medium_Moderate_Moderate_High_Moderate_Moderate_Early_VeryLate_123,ILS,8,888.0,0.0,557.0,388.0,Moderate,Moderate
Medium_Moderate_Moderate_High_Moderate_Moderate_Early_VeryLate_123,ILS,3,896.0,0.0,557.0,388.0,Moderate,Moderate
Medium_Moderate_Moderate_High_Moderate_Moderate_Early_VeryLate_123,ILS,6,891.0,0.0,557.0,388.0,Moderate,Moderate
Medium_Moderate_Moderate_High_Moderate_Moderate_Early_VeryLate_123,ILS,9,891.0,0.0,557.0,388.0,Moderate,Moderate
Medium_Moderate_Moderate_High_Moderate_Moderate_Early_VeryLate_123,ILS,2,897.0,0.0,557.0,388.0,Moderate,Moderate
Medium_Moderate_Moderate_High_Moderate_Moderate_Early_VeryLate_123,ILS,10,892.0,0.0,557.0,388.0,Moderate,Moderate
Medium_Moderate_Moderate_High_Moderate_Moderate_Early_VeryLate_123,ILS,4,898.0,0.0,557.0,388.0,Moderate,Moderate
Medium_Moderate_Moderate_High_Moderate_Moderate_Early_VeryLate_123,ILS,5,892.0,0.0,557.0,388.0,Moderate,Moderate
Medium_Moderate_Moderate_High_Moderate_Moderate_Early_VeryLate_123,ILS,7,893.0,0.0,557.0,388.0,Moderate,Moderate
Medium_Moderate_Moderate_High_Moderate_Moderate_Early_VeryLate_123,RS,1,863.0,0.0,557.0,388.0,Moderate,Moderate
Medium_Steep_Moderate_High_Moderate_Moderate_Early_VeryLate_123,MIP,9,788.0,244.0,522.0,393.0,Steep,Moderate
Medium_Steep_Moderate_High_Moderate_Moderate_Early_VeryLate_123,MIP,3,808.0,202.0,522.0,393.0,Steep,Moderate
Medium_Steep_Moderate_High_Moderate_Moderate_Early_VeryLate_123,MIP,1,815.0,202.0,522.0,393.0,Steep,Moderate
Medium_Steep_Moderate_High_Moderate_Moderate_Early_VeryLate_123,MIP,7,761.0,198.0,522.0,393.0,Steep,Moderate
Medium_Steep_Moderate_High_Moderate_Moderate_Early_VeryLate_123,MIP,8,759.0,241.0,522.0,393.0,Steep,Moderate
Medium_Steep_Moderate_High_Moderate_Moderate_Early_VeryLate_123,MIP,2,811.0,246.0,522.0,393.0,Steep,Moderate
Medium_Steep_Moderate_High_Moderate_Moderate_Early_VeryLate_123,MIP,6,774.0,198.0,522.0,393.0,Steep,Moderate
Medium_Steep_Moderate_High_Moderate_Moderate_Early_VeryLate_123,MIP,4,795.0,206.0,522.0,393.0,Steep,Moderate
Medium_Steep_Moderate_High_Moderate_Moderate_Early_VeryLate_123,MIP,5,778.0,218.0,522.0,393.0,Steep,Moderate
Medium_Steep_Moderate_High_Moderate_Moderate_Early_VeryLate_123,MIP,10,753.0,201.0,522.0,393.0,Steep,Moderate
Medium_Steep_Moderate_High_Moderate_Moderate_Early_VeryLate_123,IBS,7,523.0,0.0,522.0,393.0,Steep,Moderate
Medium_Steep_Moderate_High_Moderate_Moderate_Early_VeryLate_123,IBS,2,522.0,0.0,522.0,393.0,Steep,Moderate
Medium_Steep_Moderate_High_Moderate_Moderate_Early_VeryLate_123,IBS,4,522.0,0.0,522.0,393.0,Steep,Moderate
Medium_Steep_Moderate_High_Moderate_Moderate_Early_VeryLate_123,IBS,5,523.0,0.0,522.0,393.0,Steep,Moderate
Medium_Steep_Moderate_High_Moderate_Moderate_Early_VeryLate_123,IBS,8,522.0,0.0,522.0,393.0,Steep,Moderate
Medium_Steep_Moderate_High_Moderate_Moderate_Early_VeryLate_123,IBS,10,523.0,0.0,522.0,393.0,Steep,Moderate
Medium_Steep_Moderate_High_Moderate_Moderate_Early_VeryLate_123,IBS,1,523.0,0.0,522.0,393.0,Steep,Moderate
Medium_Steep_Moderate_High_Moderate_Moderate_Early_VeryLate_123,IBS,6,522.0,0.0,522.0,393.0,Steep,Moderate
Medium_Steep_Moderate_High_Moderate_Moderate_Early_VeryLate_123,IBS,3,523.0,0.0,522.0,393.0,Steep,Moderate
Medium_Steep_Moderate_High_Moderate_Moderate_Early_VeryLate_123,IBS,9,522.0,0.0,522.0,393.0,Steep,Moderate
Medium_Steep_Moderate_High_Moderate_Moderate_Early_VeryLate_123,CUTH,3,820.0,0.0,522.0,393.0,Steep,Moderate
Medium_Steep_Moderate_High_Moderate_Moderate_Early_VeryLate_123,CUTH,4,820.0,0.0,522.0,393.0,Steep,Moderate
Medium_Steep_Moderate_High_Moderate_Moderate_Early_VeryLate_123,CUTH,10,820.0,0.0,522.0,393.0,Steep,Moderate
Medium_Steep_Moderate_High_Moderate_Moderate_Early_VeryLate_123,CUTH,9,820.0,0.0,522.0,393.0,Steep,Moderate
Medium_Steep_Moderate_High_Moderate_Moderate_Early_VeryLate_123,CUTH,5,820.0,0.0,522.0,393.0,Steep,Moderate
Medium_Steep_Moderate_High_Moderate_Moderate_Early_VeryLate_123,CUTH,1,820.0,0.0,522.0,393.0,Steep,Moderate
Medium_Steep_Moderate_High_Moderate_Moderate_Early_VeryLate_123,CUTH,8,820.0,0.0,522.0,393.0,Steep,Moderate
Medium_Steep_Moderate_High_Moderate_Moderate_Early_VeryLate_123,CUTH,6,820.0,0.0,522.0,393.0,Steep,Moderate
Medium_Steep_Moderate_High_Moderate_Moderate_Early_VeryLate_123,CUTH,7,820.0,0.0,522.0,393.0,Steep,Moderate
Medium_Steep_Moderate_High_Moderate_Moderate_Early_VeryLate_123,CUTH,2,820.0,0.0,522.0,393.0,Steep,Moderate
Medium_Steep_Moderate_High_Moderate_Moderate_Early_VeryLate_123,LBBD,2,897.0,393.0,522.0,393.0,Steep,Moderate
Medium_Steep_Moderate_High_Moderate_Moderate_Early_VeryLate_123,LBBD,9,847.0,363.0,522.0,393.0,Steep,Moderate
Medium_Steep_Moderate_High_Moderate_Moderate_Early_VeryLate_123,LBBD,7,812.0,362.0,522.0,393.0,Steep,Moderate
Medium_Steep_Moderate_High_Moderate_Moderate_Early_VeryLate_123,LBBD,10,798.0,381.0,522.0,393.0,Steep,Moderate
Medium_Steep_Moderate_High_Moderate_Moderate_Early_VeryLate_123,LBBD,8,895.0,388.0,522.0,393.0,Steep,Moderate
Medium_Steep_Moderate_High_Moderate_Moderate_Early_VeryLate_123,LBBD,6,900.0,358.0,522.0,393.0,Steep,Moderate
Medium_Steep_Moderate_High_Moderate_Moderate_Early_VeryLate_123,LBBD,5,860.0,386.0,522.0,393.0,Steep,Moderate
Medium_Steep_Moderate_High_Moderate_Moderate_Early_VeryLate_123,LBBD,1,897.0,382.0,522.0,393.0,Steep,Moderate
Medium_Steep_Moderate_High_Moderate_Moderate_Early_VeryLate_123,LBBD,4,899.0,362.0,522.0,393.0,Steep,Moderate
Medium_Steep_Moderate_High_Moderate_Moderate_Early_VeryLate_123,LBBD,3,815.0,379.0,522.0,393.0,Steep,Moderate
Medium_Steep_Moderate_High_Moderate_Moderate_Early_VeryLate_123,ILS,1,899.0,0.0,522.0,393.0,Steep,Moderate
Medium_Steep_Moderate_High_Moderate_Moderate_Early_VeryLate_123,ILS,4,899.0,0.0,522.0,393.0,Steep,Moderate
Medium_Steep_Moderate_High_Moderate_Moderate_Early_VeryLate_123,ILS,3,899.0,0.0,522.0,393.0,Steep,Moderate
Medium_Steep_Moderate_High_Moderate_Moderate_Early_VeryLate_123,ILS,2,899.0,0.0,522.0,393.0,Steep,Moderate
Medium_Steep_Moderate_High_Moderate_Moderate_Early_VeryLate_123,ILS,5,855.0,0.0,522.0,393.0,Steep,Moderate
Medium_Steep_Moderate_High_Moderate_Moderate_Early_VeryLate_123,ILS,9,885.0,0.0,522.0,393.0,Steep,Moderate
Medium_Steep_Moderate_High_Moderate_Moderate_Early_VeryLate_123,ILS,7,899.0,0.0,522.0,393.0,Steep,Moderate
Medium_Steep_Moderate_High_Moderate_Moderate_Early_VeryLate_123,ILS,6,899.0,0.0,522.0,393.0,Steep,Moderate
Medium_Steep_Moderate_High_Moderate_Moderate_Early_VeryLate_123,ILS,10,891.0,0.0,522.0,393.0,Steep,Moderate
Medium_Steep_Moderate_High_Moderate_Moderate_Early_VeryLate_123,ILS,8,896.0,0.0,522.0,393.0,Steep,Moderate
Medium_Steep_Moderate_High_Moderate_Moderate_Early_VeryLate_123,RS,1,868.0,0.0,522.0,393.0,Steep,Moderate
