instance,algorithm,seed,objv,lb,bkv,bklb,first_release_time,last_release_time
Medium_Moderate_Light_High_Moderate_Moderate_Early_VeryLate_123,MIP,1,834.0,260.0,615.0,443.0,Early,VeryLate
Medium_Moderate_Light_High_Moderate_Moderate_Early_VeryLate_123,MIP,2,771.0,189.0,615.0,443.0,Early,VeryLate
Medium_Moderate_Light_High_Moderate_Moderate_Early_VeryLate_123,MIP,5,752.0,186.0,615.0,443.0,Early,VeryLate
Medium_Moderate_Light_High_Moderate_Moderate_Early_VeryLate_123,MIP,7,817.0,186.0,615.0,443.0,Early,VeryLate
Medium_Moderate_Light_High_Moderate_Moderate_Early_VeryLate_123,MIP,6,683.0,186.0,615.0,443.0,Early,VeryLate
Medium_Moderate_Light_High_Moderate_Moderate_Early_VeryLate_123,MIP,3,816.0,185.0,615.0,443.0,Early,VeryLate
Medium_Moderate_Light_High_Moderate_Moderate_Early_VeryLate_123,MIP,4,752.0,188.0,615.0,443.0,Early,VeryLate
Medium_Moderate_Light_High_Moderate_Moderate_Early_VeryLate_123,MIP,10,742.0,189.0,615.0,443.0,Early,VeryLate
Medium_Moderate_Light_High_Moderate_Moderate_Early_VeryLate_123,MIP,8,814.0,193.0,615.0,443.0,Early,VeryLate
Medium_Moderate_Light_High_Moderate_Moderate_Early_VeryLate_123,MIP,9,808.0,203.0,615.0,443.0,Early,VeryLate
Medium_Moderate_Light_High_Moderate_Moderate_Early_VeryLate_123,IBS,6,622.0,0.0,615.0,443.0,Early,VeryLate
Medium_Moderate_Light_High_Moderate_Moderate_Early_VeryLate_123,IBS,2,620.0,0.0,615.0,443.0,Early,VeryLate
Medium_Moderate_Light_High_Moderate_Moderate_Early_VeryLate_123,IBS,7,617.0,0.0,615.0,443.0,Early,VeryLate
Medium_Moderate_Light_High_Moderate_Moderate_Early_VeryLate_123,IBS,1,620.0,0.0,615.0,443.0,Early,VeryLate
Medium_Moderate_Light_High_Moderate_Moderate_Early_VeryLate_123,IBS,9,622.0,0.0,615.0,443.0,Early,VeryLate
Medium_Moderate_Light_High_Moderate_Moderate_Early_VeryLate_123,IBS,4,616.0,0.0,615.0,443.0,Early,VeryLate
Medium_Moderate_Light_High_Moderate_Moderate_Early_VeryLate_123,IBS,3,615.0,0.0,615.0,443.0,Early,VeryLate
Medium_Moderate_Light_High_Moderate_Moderate_Early_VeryLate_123,IBS,10,623.0,0.0,615.0,443.0,Early,VeryLate
Medium_Moderate_Light_High_Moderate_Moderate_Early_VeryLate_123,IBS,8,615.0,0.0,615.0,443.0,Early,VeryLate
Medium_Moderate_Light_High_Moderate_Moderate_Early_VeryLate_123,IBS,5,617.0,0.0,615.0,443.0,Early,VeryLate
Medium_Moderate_Light_High_Moderate_Moderate_Early_VeryLate_123,CUTH,9,822.0,0.0,615.0,443.0,Early,VeryLate
Medium_Moderate_Light_High_Moderate_Moderate_Early_VeryLate_123,CUTH,5,822.0,0.0,615.0,443.0,Early,VeryLate
Medium_Moderate_Light_High_Moderate_Moderate_Early_VeryLate_123,CUTH,6,822.0,0.0,615.0,443.0,Early,VeryLate
Medium_Moderate_Light_High_Moderate_Moderate_Early_VeryLate_123,CUTH,3,822.0,0.0,615.0,443.0,Early,VeryLate
Medium_Moderate_Light_High_Moderate_Moderate_Early_VeryLate_123,CUTH,8,822.0,0.0,615.0,443.0,Early,VeryLate
Medium_Moderate_Light_High_Moderate_Moderate_Early_VeryLate_123,CUTH,10,822.0,0.0,615.0,443.0,Early,VeryLate
Medium_Moderate_Light_High_Moderate_Moderate_Early_VeryLate_123,CUTH,4,822.0,0.0,615.0,443.0,Early,VeryLate
Medium_Moderate_Light_High_Moderate_Moderate_Early_VeryLate_123,CUTH,7,822.0,0.0,615.0,443.0,Early,VeryLate
Medium_Moderate_Light_High_Moderate_Moderate_Early_VeryLate_123,CUTH,1,822.0,0.0,615.0,443.0,Early,VeryLate
Medium_Moderate_Light_High_Moderate_Moderate_Early_VeryLate_123,CUTH,2,822.0,0.0,615.0,443.0,Early,VeryLate
Medium_Moderate_Light_High_Moderate_Moderate_Early_VeryLate_123,LBBD,10,819.0,432.0,615.0,443.0,Early,VeryLate
Medium_Moderate_Light_High_Moderate_Moderate_Early_VeryLate_123,LBBD,6,785.0,430.0,615.0,443.0,Early,VeryLate
Medium_Moderate_Light_High_Moderate_Moderate_Early_VeryLate_123,LBBD,4,898.0,422.0,615.0,443.0,Early,VeryLate
Medium_Moderate_Light_High_Moderate_Moderate_Early_VeryLate_123,LBBD,8,842.0,435.0,615.0,443.0,Early,VeryLate
Medium_Moderate_Light_High_Moderate_Moderate_Early_VeryLate_123,LBBD,7,900.0,437.0,615.0,443.0,Early,VeryLate
Medium_Moderate_Light_High_Moderate_Moderate_Early_VeryLate_123,LBBD,5,762.0,442.0,615.0,443.0,Early,VeryLate
Medium_Moderate_Light_High_Moderate_Moderate_Early_VeryLate_123,LBBD,9,894.0,437.0,615.0,443.0,Early,VeryLate
Medium_Moderate_Light_High_Moderate_Moderate_Early_VeryLate_123,LBBD,3,900.0,436.0,615.0,443.0,Early,VeryLate
Medium_Moderate_Light_High_Moderate_Moderate_Early_VeryLate_123,LBBD,2,840.0,442.0,615.0,443.0,Early,VeryLate
Medium_Moderate_Light_High_Moderate_Moderate_Early_VeryLate_123,LBBD,1,898.0,409.0,615.0,443.0,Early,VeryLate
Medium_Moderate_Light_High_Moderate_Moderate_Early_VeryLate_123,ILS,7,894.0,0.0,615.0,443.0,Early,VeryLate
Medium_Moderate_Light_High_Moderate_Moderate_Early_VeryLate_123,ILS,3,898.0,0.0,615.0,443.0,Early,VeryLate
Medium_Moderate_Light_High_Moderate_Moderate_Early_VeryLate_123,ILS,5,891.0,0.0,615.0,443.0,Early,VeryLate
Medium_Moderate_Light_High_Moderate_Moderate_Early_VeryLate_123,ILS,8,898.0,0.0,615.0,443.0,Early,VeryLate
Medium_Moderate_Light_High_Moderate_Moderate_Early_VeryLate_123,ILS,1,899.0,0.0,615.0,443.0,Early,VeryLate
Medium_Moderate_Light_High_Moderate_Moderate_Early_VeryLate_123,ILS,2,891.0,0.0,615.0,443.0,Early,VeryLate
Medium_Moderate_Light_High_Moderate_Moderate_Early_VeryLate_123,ILS,10,893.0,0.0,615.0,443.0,Early,VeryLate
Medium_Moderate_Light_High_Moderate_Moderate_Early_VeryLate_123,ILS,4,896.0,0.0,615.0,443.0,Early,VeryLate
Medium_Moderate_Light_High_Moderate_Moderate_Early_VeryLate_123,ILS,9,849.0,0.0,615.0,443.0,Early,VeryLate
Medium_Moderate_Light_High_Moderate_Moderate_Early_VeryLate_123,ILS,6,855.0,0.0,615.0,443.0,Early,VeryLate
Medium_Moderate_Light_High_Moderate_Moderate_Early_VeryLate_123,RS,1,867.0,0.0,615.0,443.0,Early,VeryLate
Medium_Moderate_Light_High_Moderate_Moderate_VeryLate_VeryLate_123,MIP,4,813.0,436.0,684.0,593.0,VeryLate,VeryLate
Medium_Moderate_Light_High_Moderate_Moderate_VeryLate_VeryLate_123,MIP,5,861.0,524.0,684.0,593.0,VeryLate,VeryLate
Medium_Moderate_Light_High_Moderate_Moderate_VeryLate_VeryLate_123,MIP,9,684.0,515.0,684.0,593.0,VeryLate,VeryLate
Medium_Moderate_Light_High_Moderate_Moderate_VeryLate_VeryLate_123,MIP,2,752.0,521.0,684.0,593.0,VeryLate,VeryLate
Medium_Moderate_Light_High_Moderate_Moderate_VeryLate_VeryLate_123,MIP,1,752.0,514.0,684.0,593.0,VeryLate,VeryLate
Medium_Moderate_Light_High_Moderate_Moderate_VeryLate_VeryLate_123,MIP,8,783.0,515.0,684.0,593.0,VeryLate,VeryLate
Medium_Moderate_Light_High_Moderate_Moderate_VeryLate_VeryLate_123,MIP,6,766.0,517.0,684.0,593.0,VeryLate,VeryLate
Medium_Moderate_Light_High_Moderate_Moderate_VeryLate_VeryLate_123,MIP,7,823.0,521.0,684.0,593.0,VeryLate,VeryLate
Medium_Moderate_Light_High_Moderate_Moderate_VeryLate_VeryLate_123,MIP,3,747.0,513.0,684.0,593.0,VeryLate,VeryLate
Medium_Moderate_Light_High_Moderate_Moderate_VeryLate_VeryLate_123,MIP,10,788.0,519.0,684.0,593.0,VeryLate,VeryLate
Medium_Moderate_Light_High_Moderate_Moderate_VeryLate_VeryLate_123,IBS,10,684.0,0.0,684.0,593.0,VeryLate,VeryLate
Medium_Moderate_Light_High_Moderate_Moderate_VeryLate_VeryLate_123,IBS,9,684.0,0.0,684.0,593.0,VeryLate,VeryLate
Medium_Moderate_Light_High_Moderate_Moderate_VeryLate_VeryLate_123,IBS,1,684.0,0.0,684.0,593.0,VeryLate,VeryLate
Medium_Moderate_Light_High_Moderate_Moderate_VeryLate_VeryLate_123,IBS,8,684.0,0.0,684.0,593.0,VeryLate,VeryLate
Medium_Moderate_Light_High_Moderate_Moderate_VeryLate_VeryLate_123,IBS,6,684.0,0.0,684.0,593.0,VeryLate,VeryLate
Medium_Moderate_Light_High_Moderate_Moderate_VeryLate_VeryLate_123,IBS,7,684.0,0.0,684.0,593.0,VeryLate,VeryLate
Medium_Moderate_Light_High_Moderate_Moderate_VeryLate_VeryLate_123,IBS,2,684.0,0.0,684.0,593.0,VeryLate,VeryLate
Medium_Moderate_Light_High_Moderate_Moderate_VeryLate_VeryLate_123,IBS,5,684.0,0.0,684.0,593.0,VeryLate,VeryLate
Medium_Moderate_Light_High_Moderate_Moderate_VeryLate_VeryLate_123,IBS,3,684.0,0.0,684.0,593.0,VeryLate,VeryLate
Medium_Moderate_Light_High_Moderate_Moderate_VeryLate_VeryLate_123,IBS,4,684.0,0.0,684.0,593.0,VeryLate,VeryLate
Medium_Moderate_Light_High_Moderate_Moderate_VeryLate_VeryLate_123,CUTH,1,824.0,0.0,684.0,593.0,VeryLate,VeryLate
Medium_Moderate_Light_High_Moderate_Moderate_VeryLate_VeryLate_123,CUTH,2,824.0,0.0,684.0,593.0,VeryLate,VeryLate
Medium_Moderate_Light_High_Moderate_Moderate_VeryLate_VeryLate_123,CUTH,9,824.0,0.0,684.0,593.0,VeryLate,VeryLate
Medium_Moderate_Light_High_Moderate_Moderate_VeryLate_VeryLate_123,CUTH,3,824.0,0.0,684.0,593.0,VeryLate,VeryLate
Medium_Moderate_Light_High_Moderate_Moderate_VeryLate_VeryLate_123,CUTH,10,824.0,0.0,684.0,593.0,VeryLate,VeryLate
Medium_Moderate_Light_High_Moderate_Moderate_VeryLate_VeryLate_123,CUTH,7,824.0,0.0,684.0,593.0,VeryLate,VeryLate
Medium_Moderate_Light_High_Moderate_Moderate_VeryLate_VeryLate_123,CUTH,8,824.0,0.0,684.0,593.0,VeryLate,VeryLate
Medium_Moderate_Light_High_Moderate_Moderate_VeryLate_VeryLate_123,CUTH,4,824.0,0.0,684.0,593.0,VeryLate,VeryLate
Medium_Moderate_Light_High_Moderate_Moderate_VeryLate_VeryLate_123,CUTH,5,824.0,0.0,684.0,593.0,VeryLate,VeryLate
Medium_Moderate_Light_High_Moderate_Moderate_VeryLate_VeryLate_123,CUTH,6,824.0,0.0,684.0,593.0,VeryLate,VeryLate
Medium_Moderate_Light_High_Moderate_Moderate_VeryLate_VeryLate_123,LBBD,3,814.0,593.0,684.0,593.0,VeryLate,VeryLate
Medium_Moderate_Light_High_Moderate_Moderate_VeryLate_VeryLate_123,LBBD,4,826.0,583.0,684.0,593.0,VeryLate,VeryLate
Medium_Moderate_Light_High_Moderate_Moderate_VeryLate_VeryLate_123,LBBD,1,897.0,585.0,684.0,593.0,VeryLate,VeryLate
Medium_Moderate_Light_High_Moderate_Moderate_VeryLate_VeryLate_123,LBBD,6,882.0,582.0,684.0,593.0,VeryLate,VeryLate
Medium_Moderate_Light_High_Moderate_Moderate_VeryLate_VeryLate_123,LBBD,2,887.0,570.0,684.0,593.0,VeryLate,VeryLate
Medium_Moderate_Light_High_Moderate_Moderate_VeryLate_VeryLate_123,LBBD,7,791.0,578.0,684.0,593.0,VeryLate,VeryLate
Medium_Moderate_Light_High_Moderate_Moderate_VeryLate_VeryLate_123,LBBD,8,794.0,588.0,684.0,593.0,VeryLate,VeryLate
Medium_Moderate_Light_High_Moderate_Moderate_VeryLate_VeryLate_123,LBBD,10,768.0,583.0,684.0,593.0,VeryLate,VeryLate
Medium_Moderate_Light_High_Moderate_Moderate_VeryLate_VeryLate_123,LBBD,9,845.0,579.0,684.0,593.0,VeryLate,VeryLate
Medium_Moderate_Light_High_Moderate_Moderate_VeryLate_VeryLate_123,LBBD,5,823.0,585.0,684.0,593.0,VeryLate,VeryLate
Medium_Moderate_Light_High_Moderate_Moderate_VeryLate_VeryLate_123,ILS,2,892.0,0.0,684.0,593.0,VeryLate,VeryLate
Medium_Moderate_Light_High_Moderate_Moderate_VeryLate_VeryLate_123,ILS,8,888.0,0.0,684.0,593.0,VeryLate,VeryLate
Medium_Moderate_Light_High_Moderate_Moderate_VeryLate_VeryLate_123,ILS,3,897.0,0.0,684.0,593.0,VeryLate,VeryLate
Medium_Moderate_Light_High_Moderate_Moderate_VeryLate_VeryLate_123,ILS,9,879.0,0.0,684.0,593.0,VeryLate,VeryLate
Medium_Moderate_Light_High_Moderate_Moderate_VeryLate_VeryLate_123,ILS,5,884.0,0.0,684.0,593.0,VeryLate,VeryLate
Medium_Moderate_Light_High_Moderate_Moderate_VeryLate_VeryLate_123,ILS,4,894.0,0.0,684.0,593.0,VeryLate,VeryLate
Medium_Moderate_Light_High_Moderate_Moderate_VeryLate_VeryLate_123,ILS,7,894.0,0.0,684.0,593.0,VeryLate,VeryLate
Medium_Moderate_Light_High_Moderate_Moderate_VeryLate_VeryLate_123,ILS,10,889.0,0.0,684.0,593.0,VeryLate,VeryLate
Medium_Moderate_Light_High_Moderate_Moderate_VeryLate_VeryLate_123,ILS,1,897.0,0.0,684.0,593.0,VeryLate,VeryLate
Medium_Moderate_Light_High_Moderate_Moderate_VeryLate_VeryLate_123,ILS,6,866.0,0.0,684.0,593.0,VeryLate,VeryLate
Medium_Moderate_Light_High_Moderate_Moderate_VeryLate_VeryLate_123,RS,1,864.0,0.0,684.0,593.0,VeryLate,VeryLate
Medium_Moderate_Light_High_Moderate_Moderate_Late_VeryLate_123,MIP,4,801.0,292.0,638.0,506.0,Late,VeryLate
Medium_Moderate_Light_High_Moderate_Moderate_Late_VeryLate_123,MIP,1,856.0,291.0,638.0,506.0,Late,VeryLate
Medium_Moderate_Light_High_Moderate_Moderate_Late_VeryLate_123,MIP,6,832.0,367.0,638.0,506.0,Late,VeryLate
Medium_Moderate_Light_High_Moderate_Moderate_Late_VeryLate_123,MIP,5,811.0,380.0,638.0,506.0,Late,VeryLate
Medium_Moderate_Light_High_Moderate_Moderate_Late_VeryLate_123,MIP,2,774.0,292.0,638.0,506.0,Late,VeryLate
Medium_Moderate_Light_High_Moderate_Moderate_Late_VeryLate_123,MIP,7,793.0,291.0,638.0,506.0,Late,VeryLate
Medium_Moderate_Light_High_Moderate_Moderate_Late_VeryLate_123,MIP,8,768.0,293.0,638.0,506.0,Late,VeryLate
Medium_Moderate_Light_High_Moderate_Moderate_Late_VeryLate_123,MIP,10,805.0,290.0,638.0,506.0,Late,VeryLate
Medium_Moderate_Light_High_Moderate_Moderate_Late_VeryLate_123,MIP,3,750.0,290.0,638.0,506.0,Late,VeryLate
Medium_Moderate_Light_High_Moderate_Moderate_Late_VeryLate_123,MIP,9,804.0,299.0,638.0,506.0,Late,VeryLate
Medium_Moderate_Light_High_Moderate_Moderate_Late_VeryLate_123,IBS,5,640.0,0.0,638.0,506.0,Late,VeryLate
Medium_Moderate_Light_High_Moderate_Moderate_Late_VeryLate_123,IBS,6,639.0,0.0,638.0,506.0,Late,VeryLate
Medium_Moderate_Light_High_Moderate_Moderate_Late_VeryLate_123,IBS,8,639.0,0.0,638.0,506.0,Late,VeryLate
Medium_Moderate_Light_High_Moderate_Moderate_Late_VeryLate_123,IBS,3,638.0,0.0,638.0,506.0,Late,VeryLate
Medium_Moderate_Light_High_Moderate_Moderate_Late_VeryLate_123,IBS,9,638.0,0.0,638.0,506.0,Late,VeryLate
Medium_Moderate_Light_High_Moderate_Moderate_Late_VeryLate_123,IBS,1,639.0,0.0,638.0,506.0,Late,VeryLate
Medium_Moderate_Light_High_Moderate_Moderate_Late_VeryLate_123,IBS,2,638.0,0.0,638.0,506.0,Late,VeryLate
Medium_Moderate_Light_High_Moderate_Moderate_Late_VeryLate_123,IBS,4,639.0,0.0,638.0,506.0,Late,VeryLate
Medium_Moderate_Light_High_Moderate_Moderate_Late_VeryLate_123,IBS,10,639.0,0.0,638.0,506.0,Late,VeryLate
Medium_Moderate_Light_High_Moderate_Moderate_Late_VeryLate_123,IBS,7,638.0,0.0,638.0,506.0,Late,VeryLate
Medium_Moderate_Light_High_Moderate_Moderate_Late_VeryLate_123,CUTH,4,824.0,0.0,638.0,506.0,Late,VeryLate
Medium_Moderate_Light_High_Moderate_Moderate_Late_VeryLate_123,CUTH,5,824.0,0.0,638.0,506.0,Late,VeryLate
Medium_Moderate_Light_High_Moderate_Moderate_Late_VeryLate_123,CUTH,8,824.0,0.0,638.0,506.0,Late,VeryLate
Medium_Moderate_Light_High_Moderate_Moderate_Late_VeryLate_123,CUTH,10,824.0,0.0,638.0,506.0,Late,VeryLate
Medium_Moderate_Light_High_Moderate_Moderate_Late_VeryLate_123,CUTH,7,824.0,0.0,638.0,506.0,Late,VeryLate
Medium_Moderate_Light_High_Moderate_Moderate_Late_VeryLate_123,CUTH,2,824.0,0.0,638.0,506.0,Late,VeryLate
Medium_Moderate_Light_High_Moderate_Moderate_Late_VeryLate_123,CUTH,3,824.0,0.0,638.0,506.0,Late,VeryLate
Medium_Moderate_Light_High_Moderate_Moderate_Late_VeryLate_123,CUTH,6,824.0,0.0,638.0,506.0,Late,VeryLate
Medium_Moderate_Light_High_Moderate_Moderate_Late_VeryLate_123,CUTH,9,824.0,0.0,638.0,506.0,Late,VeryLate
Medium_Moderate_Light_High_Moderate_Moderate_Late_VeryLate_123,CUTH,1,824.0,0.0,638.0,506.0,Late,VeryLate
Medium_Moderate_Light_High_Moderate_Moderate_Late_VeryLate_123,LBBD,9,776.0,506.0,638.0,506.0,Late,VeryLate
Medium_Moderate_Light_High_Moderate_Moderate_Late_VeryLate_123,LBBD,1,744.0,497.0,638.0,506.0,Late,VeryLate
Medium_Moderate_Light_High_Moderate_Moderate_Late_VeryLate_123,LBBD,3,881.0,491.0,638.0,506.0,Late,VeryLate
Medium_Moderate_Light_High_Moderate_Moderate_Late_VeryLate_123,LBBD,6,895.0,490.0,638.0,506.0,Late,VeryLate
Medium_Moderate_Light_High_Moderate_Moderate_Late_VeryLate_123,LBBD,4,864.0,478.0,638.0,506.0,Late,VeryLate
Medium_Moderate_Light_High_Moderate_Moderate_Late_VeryLate_123,LBBD,8,898.0,495.0,638.0,506.0,Late,VeryLate
Medium_Moderate_Light_High_Moderate_Moderate_Late_VeryLate_123,LBBD,10,899.0,491.0,638.0,506.0,Late,VeryLate
Medium_Moderate_Light_High_Moderate_Moderate_Late_VeryLate_123,LBBD,2,809.0,463.0,638.0,506.0,Late,VeryLate
Medium_Moderate_Light_High_Moderate_Moderate_Late_VeryLate_123,LBBD,7,818.0,488.0,638.0,506.0,Late,VeryLate
Medium_Moderate_Light_High_Moderate_Moderate_Late_VeryLate_123,LBBD,5,897.0,476.0,638.0,506.0,Late,VeryLate
Medium_Moderate_Light_High_Moderate_Moderate_Late_VeryLate_123,ILS,4,896.0,0.0,638.0,506.0,Late,VeryLate
Medium_Moderate_Light_High_Moderate_Moderate_Late_VeryLate_123,ILS,2,893.0,0.0,638.0,506.0,Late,VeryLate
Medium_Moderate_Light_High_Moderate_Moderate_Late_VeryLate_123,ILS,5,898.0,0.0,638.0,506.0,Late,VeryLate
Medium_Moderate_Light_High_Moderate_Moderate_Late_VeryLate_123,ILS,3,897.0,0.0,638.0,506.0,Late,VeryLate
Medium_Moderate_Light_High_Moderate_Moderate_Late_VeryLate_123,ILS,10,879.0,0.0,638.0,506.0,Late,VeryLate
Medium_Moderate_Light_High_Moderate_Moderate_Late_VeryLate_123,ILS,8,896.0,0.0,638.0,506.0,Late,VeryLate
Medium_Moderate_Light_High_Moderate_Moderate_Late_VeryLate_123,ILS,7,897.0,0.0,638.0,506.0,Late,VeryLate
Medium_Moderate_Light_High_Moderate_Moderate_Late_VeryLate_123,ILS,6,898.0,0.0,638.0,506.0,Late,VeryLate
Medium_Moderate_Light_High_Moderate_Moderate_Late_VeryLate_123,ILS,9,895.0,0.0,638.0,506.0,Late,VeryLate
Medium_Moderate_Light_High_Moderate_Moderate_Late_VeryLate_123,ILS,1,889.0,0.0,638.0,506.0,Late,VeryLate
Medium_Moderate_Light_High_Moderate_Moderate_Late_VeryLate_123,RS,1,867.0,0.0,638.0,506.0,Late,VeryLate
Medium_Moderate_Light_High_Moderate_Moderate_Late_Early_123,MIP,6,794.0,304.0,493.0,404.0,Late,Early
Medium_Moderate_Light_High_Moderate_Moderate_Late_Early_123,MIP,5,691.0,299.0,493.0,404.0,Late,Early
Medium_Moderate_Light_High_Moderate_Moderate_Late_Early_123,MIP,9,792.0,381.0,493.0,404.0,Late,Early
Medium_Moderate_Light_High_Moderate_Moderate_Late_Early_123,MIP,3,616.0,380.0,493.0,404.0,Late,Early
Medium_Moderate_Light_High_Moderate_Moderate_Late_Early_123,MIP,4,826.0,294.0,493.0,404.0,Late,Early
Medium_Moderate_Light_High_Moderate_Moderate_Late_Early_123,MIP,7,802.0,298.0,493.0,404.0,Late,Early
Medium_Moderate_Light_High_Moderate_Moderate_Late_Early_123,MIP,1,617.0,295.0,493.0,404.0,Late,Early
Medium_Moderate_Light_High_Moderate_Moderate_Late_Early_123,MIP,8,749.0,300.0,493.0,404.0,Late,Early
Medium_Moderate_Light_High_Moderate_Moderate_Late_Early_123,MIP,10,740.0,294.0,493.0,404.0,Late,Early
Medium_Moderate_Light_High_Moderate_Moderate_Late_Early_123,MIP,2,709.0,293.0,493.0,404.0,Late,Early
Medium_Moderate_Light_High_Moderate_Moderate_Late_Early_123,IBS,2,493.0,0.0,493.0,404.0,Late,Early
Medium_Moderate_Light_High_Moderate_Moderate_Late_Early_123,IBS,10,493.0,0.0,493.0,404.0,Late,Early
Medium_Moderate_Light_High_Moderate_Moderate_Late_Early_123,IBS,6,493.0,0.0,493.0,404.0,Late,Early
Medium_Moderate_Light_High_Moderate_Moderate_Late_Early_123,IBS,5,493.0,0.0,493.0,404.0,Late,Early
Medium_Moderate_Light_High_Moderate_Moderate_Late_Early_123,IBS,4,493.0,0.0,493.0,404.0,Late,Early
Medium_Moderate_Light_High_Moderate_Moderate_Late_Early_123,IBS,1,493.0,0.0,493.0,404.0,Late,Early
Medium_Moderate_Light_High_Moderate_Moderate_Late_Early_123,IBS,7,493.0,0.0,493.0,404.0,Late,Early
Medium_Moderate_Light_High_Moderate_Moderate_Late_Early_123,IBS,8,493.0,0.0,493.0,404.0,Late,Early
Medium_Moderate_Light_High_Moderate_Moderate_Late_Early_123,IBS,9,493.0,0.0,493.0,404.0,Late,Early
Medium_Moderate_Light_High_Moderate_Moderate_Late_Early_123,IBS,3,493.0,0.0,493.0,404.0,Late,Early
Medium_Moderate_Light_High_Moderate_Moderate_Late_Early_123,CUTH,1,631.0,0.0,493.0,404.0,Late,Early
Medium_Moderate_Light_High_Moderate_Moderate_Late_Early_123,CUTH,2,631.0,0.0,493.0,404.0,Late,Early
Medium_Moderate_Light_High_Moderate_Moderate_Late_Early_123,CUTH,7,631.0,0.0,493.0,404.0,Late,Early
Medium_Moderate_Light_High_Moderate_Moderate_Late_Early_123,CUTH,9,631.0,0.0,493.0,404.0,Late,Early
Medium_Moderate_Light_High_Moderate_Moderate_Late_Early_123,CUTH,3,631.0,0.0,493.0,404.0,Late,Early
Medium_Moderate_Light_High_Moderate_Moderate_Late_Early_123,CUTH,8,631.0,0.0,493.0,404.0,Late,Early
Medium_Moderate_Light_High_Moderate_Moderate_Late_Early_123,CUTH,4,631.0,0.0,493.0,404.0,Late,Early
Medium_Moderate_Light_High_Moderate_Moderate_Late_Early_123,CUTH,5,631.0,0.0,493.0,404.0,Late,Early
Medium_Moderate_Light_High_Moderate_Moderate_Late_Early_123,CUTH,6,631.0,0.0,493.0,404.0,Late,Early
Medium_Moderate_Light_High_Moderate_Moderate_Late_Early_123,CUTH,10,631.0,0.0,493.0,404.0,Late,Early
Medium_Moderate_Light_High_Moderate_Moderate_Late_Early_123,LBBD,9,826.0,388.0,493.0,404.0,Late,Early
Medium_Moderate_Light_High_Moderate_Moderate_Late_Early_123,LBBD,6,873.0,392.0,493.0,404.0,Late,Early
Medium_Moderate_Light_High_Moderate_Moderate_Late_Early_123,LBBD,3,813.0,401.0,493.0,404.0,Late,Early
Medium_Moderate_Light_High_Moderate_Moderate_Late_Early_123,LBBD,4,827.0,384.0,493.0,404.0,Late,Early
Medium_Moderate_Light_High_Moderate_Moderate_Late_Early_123,LBBD,10,813.0,403.0,493.0,404.0,Late,Early
Medium_Moderate_Light_High_Moderate_Moderate_Late_Early_123,LBBD,7,881.0,404.0,493.0,404.0,Late,Early
Medium_Moderate_Light_High_Moderate_Moderate_Late_Early_123,LBBD,8,899.0,369.0,493.0,404.0,Late,Early
Medium_Moderate_Light_High_Moderate_Moderate_Late_Early_123,LBBD,2,900.0,394.0,493.0,404.0,Late,Early
Medium_Moderate_Light_High_Moderate_Moderate_Late_Early_123,LBBD,5,886.0,377.0,493.0,404.0,Late,Early
Medium_Moderate_Light_High_Moderate_Moderate_Late_Early_123,LBBD,1,895.0,379.0,493.0,404.0,Late,Early
Medium_Moderate_Light_High_Moderate_Moderate_Late_Early_123,ILS,10,900.0,0.0,493.0,404.0,Late,Early
Medium_Moderate_Light_High_Moderate_Moderate_Late_Early_123,ILS,1,900.0,0.0,493.0,404.0,Late,Early
Medium_Moderate_Light_High_Moderate_Moderate_Late_Early_123,ILS,5,898.0,0.0,493.0,404.0,Late,Early
Medium_Moderate_Light_High_Moderate_Moderate_Late_Early_123,ILS,8,893.0,0.0,493.0,404.0,Late,Early
Medium_Moderate_Light_High_Moderate_Moderate_Late_Early_123,ILS,6,900.0,0.0,493.0,404.0,Late,Early
Medium_Moderate_Light_High_Moderate_Moderate_Late_Early_123,ILS,3,893.0,0.0,493.0,404.0,Late,Early
Medium_Moderate_Light_High_Moderate_Moderate_Late_Early_123,ILS,2,899.0,0.0,493.0,404.0,Late,Early
Medium_Moderate_Light_High_Moderate_Moderate_Late_Early_123,ILS,7,898.0,0.0,493.0,404.0,Late,Early
Medium_Moderate_Light_High_Moderate_Moderate_Late_Early_123,ILS,4,897.0,0.0,493.0,404.0,Late,Early
Medium_Moderate_Light_High_Moderate_Moderate_Late_Early_123,ILS,9,900.0,0.0,493.0,404.0,Late,Early
Medium_Moderate_Light_High_Moderate_Moderate_Late_Early_123,RS,1,880.0,0.0,493.0,404.0,Late,Early
Medium_Moderate_Light_High_Moderate_Moderate_Late_VeryEarly_123,MIP,1,766.0,379.0,451.0,382.0,Late,VeryEarly
Medium_Moderate_Light_High_Moderate_Moderate_Late_VeryEarly_123,MIP,5,487.0,377.0,451.0,382.0,Late,VeryEarly
Medium_Moderate_Light_High_Moderate_Moderate_Late_VeryEarly_123,MIP,4,841.0,378.0,451.0,382.0,Late,VeryEarly
Medium_Moderate_Light_High_Moderate_Moderate_Late_VeryEarly_123,MIP,2,451.0,375.0,451.0,382.0,Late,VeryEarly
Medium_Moderate_Light_High_Moderate_Moderate_Late_VeryEarly_123,MIP,6,451.0,380.0,451.0,382.0,Late,VeryEarly
Medium_Moderate_Light_High_Moderate_Moderate_Late_VeryEarly_123,MIP,9,707.0,379.0,451.0,382.0,Late,VeryEarly
Medium_Moderate_Light_High_Moderate_Moderate_Late_VeryEarly_123,MIP,3,451.0,375.0,451.0,382.0,Late,VeryEarly
Medium_Moderate_Light_High_Moderate_Moderate_Late_VeryEarly_123,MIP,8,451.0,380.0,451.0,382.0,Late,VeryEarly
Medium_Moderate_Light_High_Moderate_Moderate_Late_VeryEarly_123,MIP,10,526.0,312.0,451.0,382.0,Late,VeryEarly
Medium_Moderate_Light_High_Moderate_Moderate_Late_VeryEarly_123,MIP,7,451.0,376.0,451.0,382.0,Late,VeryEarly
Medium_Moderate_Light_High_Moderate_Moderate_Late_VeryEarly_123,IBS,9,454.0,0.0,451.0,382.0,Late,VeryEarly
Medium_Moderate_Light_High_Moderate_Moderate_Late_VeryEarly_123,IBS,4,454.0,0.0,451.0,382.0,Late,VeryEarly
Medium_Moderate_Light_High_Moderate_Moderate_Late_VeryEarly_123,IBS,8,455.0,0.0,451.0,382.0,Late,VeryEarly
Medium_Moderate_Light_High_Moderate_Moderate_Late_VeryEarly_123,IBS,3,455.0,0.0,451.0,382.0,Late,VeryEarly
Medium_Moderate_Light_High_Moderate_Moderate_Late_VeryEarly_123,IBS,10,456.0,0.0,451.0,382.0,Late,VeryEarly
Medium_Moderate_Light_High_Moderate_Moderate_Late_VeryEarly_123,IBS,1,455.0,0.0,451.0,382.0,Late,VeryEarly
Medium_Moderate_Light_High_Moderate_Moderate_Late_VeryEarly_123,IBS,7,454.0,0.0,451.0,382.0,Late,VeryEarly
Medium_Moderate_Light_High_Moderate_Moderate_Late_VeryEarly_123,IBS,6,454.0,0.0,451.0,382.0,Late,VeryEarly
Medium_Moderate_Light_High_Moderate_Moderate_Late_VeryEarly_123,IBS,5,455.0,0.0,451.0,382.0,Late,VeryEarly
Medium_Moderate_Light_High_Moderate_Moderate_Late_VeryEarly_123,IBS,2,453.0,0.0,451.0,382.0,Late,VeryEarly
Medium_Moderate_Light_High_Moderate_Moderate_Late_VeryEarly_123,CUTH,3,554.0,0.0,451.0,382.0,Late,VeryEarly
Medium_Moderate_Light_High_Moderate_Moderate_Late_VeryEarly_123,CUTH,2,554.0,0.0,451.0,382.0,Late,VeryEarly
Medium_Moderate_Light_High_Moderate_Moderate_Late_VeryEarly_123,CUTH,7,554.0,0.0,451.0,382.0,Late,VeryEarly
Medium_Moderate_Light_High_Moderate_Moderate_Late_VeryEarly_123,CUTH,8,554.0,0.0,451.0,382.0,Late,VeryEarly
Medium_Moderate_Light_High_Moderate_Moderate_Late_VeryEarly_123,CUTH,6,554.0,0.0,451.0,382.0,Late,VeryEarly
Medium_Moderate_Light_High_Moderate_Moderate_Late_VeryEarly_123,CUTH,10,554.0,0.0,451.0,382.0,Late,VeryEarly
Medium_Moderate_Light_High_Moderate_Moderate_Late_VeryEarly_123,CUTH,5,554.0,0.0,451.0,382.0,Late,VeryEarly
Medium_Moderate_Light_High_Moderate_Moderate_Late_VeryEarly_123,CUTH,9,554.0,0.0,451.0,382.0,Late,VeryEarly
Medium_Moderate_Light_High_Moderate_Moderate_Late_VeryEarly_123,CUTH,4,554.0,0.0,451.0,382.0,Late,VeryEarly
Medium_Moderate_Light_High_Moderate_Moderate_Late_VeryEarly_123,CUTH,1,554.0,0.0,451.0,382.0,Late,VeryEarly
Medium_Moderate_Light_High_Moderate_Moderate_Late_VeryEarly_123,LBBD,2,896.0,316.0,451.0,382.0,Late,VeryEarly
Medium_Moderate_Light_High_Moderate_Moderate_Late_VeryEarly_123,LBBD,7,836.0,356.0,451.0,382.0,Late,VeryEarly
Medium_Moderate_Light_High_Moderate_Moderate_Late_VeryEarly_123,LBBD,4,894.0,382.0,451.0,382.0,Late,VeryEarly
Medium_Moderate_Light_High_Moderate_Moderate_Late_VeryEarly_123,LBBD,1,846.0,355.0,451.0,382.0,Late,VeryEarly
Medium_Moderate_Light_High_Moderate_Moderate_Late_VeryEarly_123,LBBD,3,808.0,338.0,451.0,382.0,Late,VeryEarly
Medium_Moderate_Light_High_Moderate_Moderate_Late_VeryEarly_123,LBBD,9,900.0,358.0,451.0,382.0,Late,VeryEarly
Medium_Moderate_Light_High_Moderate_Moderate_Late_VeryEarly_123,LBBD,10,827.0,349.0,451.0,382.0,Late,VeryEarly
Medium_Moderate_Light_High_Moderate_Moderate_Late_VeryEarly_123,LBBD,8,808.0,359.0,451.0,382.0,Late,VeryEarly
Medium_Moderate_Light_High_Moderate_Moderate_Late_VeryEarly_123,LBBD,6,900.0,352.0,451.0,382.0,Late,VeryEarly
Medium_Moderate_Light_High_Moderate_Moderate_Late_VeryEarly_123,LBBD,5,895.0,344.0,451.0,382.0,Late,VeryEarly
Medium_Moderate_Light_High_Moderate_Moderate_Late_VeryEarly_123,ILS,5,887.0,0.0,451.0,382.0,Late,VeryEarly
Medium_Moderate_Light_High_Moderate_Moderate_Late_VeryEarly_123,ILS,6,893.0,0.0,451.0,382.0,Late,VeryEarly
Medium_Moderate_Light_High_Moderate_Moderate_Late_VeryEarly_123,ILS,1,895.0,0.0,451.0,382.0,Late,VeryEarly
Medium_Moderate_Light_High_Moderate_Moderate_Late_VeryEarly_123,ILS,9,888.0,0.0,451.0,382.0,Late,VeryEarly
Medium_Moderate_Light_High_Moderate_Moderate_Late_VeryEarly_123,ILS,2,898.0,0.0,451.0,382.0,Late,VeryEarly
Medium_Moderate_Light_High_Moderate_Moderate_Late_VeryEarly_123,ILS,7,894.0,0.0,451.0,382.0,Late,VeryEarly
Medium_Moderate_Light_High_Moderate_Moderate_Late_VeryEarly_123,ILS,8,894.0,0.0,451.0,382.0,Late,VeryEarly
Medium_Moderate_Light_High_Moderate_Moderate_Late_VeryEarly_123,ILS,3,896.0,0.0,451.0,382.0,Late,VeryEarly
Medium_Moderate_Light_High_Moderate_Moderate_Late_VeryEarly_123,ILS,10,898.0,0.0,451.0,382.0,Late,VeryEarly
Medium_Moderate_Light_High_Moderate_Moderate_Late_VeryEarly_123,ILS,4,899.0,0.0,451.0,382.0,Late,VeryEarly
Medium_Moderate_Light_High_Moderate_Moderate_Late_VeryEarly_123,RS,1,880.0,0.0,451.0,382.0,Late,VeryEarly
Medium_Moderate_Light_High_Moderate_Moderate_Late_Late_123,MIP,7,704.0,294.0,524.0,437.0,Late,Late
Medium_Moderate_Light_High_Moderate_Moderate_Late_Late_123,MIP,3,751.0,302.0,524.0,437.0,Late,Late
Medium_Moderate_Light_High_Moderate_Moderate_Late_Late_123,MIP,9,589.0,290.0,524.0,437.0,Late,Late
Medium_Moderate_Light_High_Moderate_Moderate_Late_Late_123,MIP,6,831.0,294.0,524.0,437.0,Late,Late
Medium_Moderate_Light_High_Moderate_Moderate_Late_Late_123,MIP,5,806.0,390.0,524.0,437.0,Late,Late
Medium_Moderate_Light_High_Moderate_Moderate_Late_Late_123,MIP,10,761.0,387.0,524.0,437.0,Late,Late
Medium_Moderate_Light_High_Moderate_Moderate_Late_Late_123,MIP,1,755.0,300.0,524.0,437.0,Late,Late
Medium_Moderate_Light_High_Moderate_Moderate_Late_Late_123,MIP,2,809.0,290.0,524.0,437.0,Late,Late
Medium_Moderate_Light_High_Moderate_Moderate_Late_Late_123,MIP,8,699.0,295.0,524.0,437.0,Late,Late
Medium_Moderate_Light_High_Moderate_Moderate_Late_Late_123,MIP,4,782.0,295.0,524.0,437.0,Late,Late
Medium_Moderate_Light_High_Moderate_Moderate_Late_Late_123,IBS,8,524.0,0.0,524.0,437.0,Late,Late
Medium_Moderate_Light_High_Moderate_Moderate_Late_Late_123,IBS,4,525.0,0.0,524.0,437.0,Late,Late
Medium_Moderate_Light_High_Moderate_Moderate_Late_Late_123,IBS,1,525.0,0.0,524.0,437.0,Late,Late
Medium_Moderate_Light_High_Moderate_Moderate_Late_Late_123,IBS,5,524.0,0.0,524.0,437.0,Late,Late
Medium_Moderate_Light_High_Moderate_Moderate_Late_Late_123,IBS,9,524.0,0.0,524.0,437.0,Late,Late
Medium_Moderate_Light_High_Moderate_Moderate_Late_Late_123,IBS,10,524.0,0.0,524.0,437.0,Late,Late
Medium_Moderate_Light_High_Moderate_Moderate_Late_Late_123,IBS,2,524.0,0.0,524.0,437.0,Late,Late
Medium_Moderate_Light_High_Moderate_Moderate_Late_Late_123,IBS,3,524.0,0.0,524.0,437.0,Late,Late
Medium_Moderate_Light_High_Moderate_Moderate_Late_Late_123,IBS,7,524.0,0.0,524.0,437.0,Late,Late
Medium_Moderate_Light_High_Moderate_Moderate_Late_Late_123,IBS,6,524.0,0.0,524.0,437.0,Late,Late
Medium_Moderate_Light_High_Moderate_Moderate_Late_Late_123,CUTH,1,726.0,0.0,524.0,437.0,Late,Late
Medium_Moderate_Light_High_Moderate_Moderate_Late_Late_123,CUTH,10,726.0,0.0,524.0,437.0,Late,Late
Medium_Moderate_Light_High_Moderate_Moderate_Late_Late_123,CUTH,5,726.0,0.0,524.0,437.0,Late,Late
Medium_Moderate_Light_High_Moderate_Moderate_Late_Late_123,CUTH,8,726.0,0.0,524.0,437.0,Late,Late
Medium_Moderate_Light_High_Moderate_Moderate_Late_Late_123,CUTH,7,726.0,0.0,524.0,437.0,Late,Late
Medium_Moderate_Light_High_Moderate_Moderate_Late_Late_123,CUTH,9,726.0,0.0,524.0,437.0,Late,Late
Medium_Moderate_Light_High_Moderate_Moderate_Late_Late_123,CUTH,3,726.0,0.0,524.0,437.0,Late,Late
Medium_Moderate_Light_High_Moderate_Moderate_Late_Late_123,CUTH,4,726.0,0.0,524.0,437.0,Late,Late
Medium_Moderate_Light_High_Moderate_Moderate_Late_Late_123,CUTH,6,726.0,0.0,524.0,437.0,Late,Late
Medium_Moderate_Light_High_Moderate_Moderate_Late_Late_123,CUTH,2,726.0,0.0,524.0,437.0,Late,Late
Medium_Moderate_Light_High_Moderate_Moderate_Late_Late_123,LBBD,7,860.0,418.0,524.0,437.0,Late,Late
Medium_Moderate_Light_High_Moderate_Moderate_Late_Late_123,LBBD,9,813.0,412.0,524.0,437.0,Late,Late
Medium_Moderate_Light_High_Moderate_Moderate_Late_Late_123,LBBD,3,898.0,437.0,524.0,437.0,Late,Late
Medium_Moderate_Light_High_Moderate_Moderate_Late_Late_123,LBBD,1,854.0,411.0,524.0,437.0,Late,Late
Medium_Moderate_Light_High_Moderate_Moderate_Late_Late_123,LBBD,2,841.0,401.0,524.0,437.0,Late,Late
Medium_Moderate_Light_High_Moderate_Moderate_Late_Late_123,LBBD,8,796.0,423.0,524.0,437.0,Late,Late
Medium_Moderate_Light_High_Moderate_Moderate_Late_Late_123,LBBD,10,892.0,423.0,524.0,437.0,Late,Late
Medium_Moderate_Light_High_Moderate_Moderate_Late_Late_123,LBBD,4,796.0,407.0,524.0,437.0,Late,Late
Medium_Moderate_Light_High_Moderate_Moderate_Late_Late_123,LBBD,5,733.0,420.0,524.0,437.0,Late,Late
Medium_Moderate_Light_High_Moderate_Moderate_Late_Late_123,LBBD,6,876.0,403.0,524.0,437.0,Late,Late
Medium_Moderate_Light_High_Moderate_Moderate_Late_Late_123,ILS,4,895.0,0.0,524.0,437.0,Late,Late
Medium_Moderate_Light_High_Moderate_Moderate_Late_Late_123,ILS,6,900.0,0.0,524.0,437.0,Late,Late
Medium_Moderate_Light_High_Moderate_Moderate_Late_Late_123,ILS,8,897.0,0.0,524.0,437.0,Late,Late
Medium_Moderate_Light_High_Moderate_Moderate_Late_Late_123,ILS,5,899.0,0.0,524.0,437.0,Late,Late
Medium_Moderate_Light_High_Moderate_Moderate_Late_Late_123,ILS,3,899.0,0.0,524.0,437.0,Late,Late
Medium_Moderate_Light_High_Moderate_Moderate_Late_Late_123,ILS,9,900.0,0.0,524.0,437.0,Late,Late
Medium_Moderate_Light_High_Moderate_Moderate_Late_Late_123,ILS,10,898.0,0.0,524.0,437.0,Late,Late
Medium_Moderate_Light_High_Moderate_Moderate_Late_Late_123,ILS,2,900.0,0.0,524.0,437.0,Late,Late
Medium_Moderate_Light_High_Moderate_Moderate_Late_Late_123,ILS,7,896.0,0.0,524.0,437.0,Late,Late
Medium_Moderate_Light_High_Moderate_Moderate_Late_Late_123,ILS,1,898.0,0.0,524.0,437.0,Late,Late
Medium_Moderate_Light_High_Moderate_Moderate_Late_Late_123,RS,1,878.0,0.0,524.0,437.0,Late,Late
Medium_Moderate_Light_High_Moderate_Moderate_VeryLate_VeryEarly_123,MIP,10,784.0,453.0,508.0,487.0,VeryLate,VeryEarly
Medium_Moderate_Light_High_Moderate_Moderate_VeryLate_VeryEarly_123,MIP,6,771.0,483.0,508.0,487.0,VeryLate,VeryEarly
Medium_Moderate_Light_High_Moderate_Moderate_VeryLate_VeryEarly_123,MIP,1,747.0,454.0,508.0,487.0,VeryLate,VeryEarly
Medium_Moderate_Light_High_Moderate_Moderate_VeryLate_VeryEarly_123,MIP,8,613.0,484.0,508.0,487.0,VeryLate,VeryEarly
Medium_Moderate_Light_High_Moderate_Moderate_VeryLate_VeryEarly_123,MIP,4,758.0,484.0,508.0,487.0,VeryLate,VeryEarly
Medium_Moderate_Light_High_Moderate_Moderate_VeryLate_VeryEarly_123,MIP,9,531.0,485.0,508.0,487.0,VeryLate,VeryEarly
Medium_Moderate_Light_High_Moderate_Moderate_VeryLate_VeryEarly_123,MIP,5,820.0,481.0,508.0,487.0,VeryLate,VeryEarly
Medium_Moderate_Light_High_Moderate_Moderate_VeryLate_VeryEarly_123,MIP,7,513.0,487.0,508.0,487.0,VeryLate,VeryEarly
Medium_Moderate_Light_High_Moderate_Moderate_VeryLate_VeryEarly_123,MIP,2,739.0,486.0,508.0,487.0,VeryLate,VeryEarly
Medium_Moderate_Light_High_Moderate_Moderate_VeryLate_VeryEarly_123,MIP,3,647.0,486.0,508.0,487.0,VeryLate,VeryEarly
Medium_Moderate_Light_High_Moderate_Moderate_VeryLate_VeryEarly_123,IBS,2,510.0,0.0,508.0,487.0,VeryLate,VeryEarly
Medium_Moderate_Light_High_Moderate_Moderate_VeryLate_VeryEarly_123,IBS,5,509.0,0.0,508.0,487.0,VeryLate,VeryEarly
Medium_Moderate_Light_High_Moderate_Moderate_VeryLate_VeryEarly_123,IBS,7,510.0,0.0,508.0,487.0,VeryLate,VeryEarly
Medium_Moderate_Light_High_Moderate_Moderate_VeryLate_VeryEarly_123,IBS,10,509.0,0.0,508.0,487.0,VeryLate,VeryEarly
Medium_Moderate_Light_High_Moderate_Moderate_VeryLate_VeryEarly_123,IBS,1,509.0,0.0,508.0,487.0,VeryLate,VeryEarly
Medium_Moderate_Light_High_Moderate_Moderate_VeryLate_VeryEarly_123,IBS,3,509.0,0.0,508.0,487.0,VeryLate,VeryEarly
Medium_Moderate_Light_High_Moderate_Moderate_VeryLate_VeryEarly_123,IBS,8,509.0,0.0,508.0,487.0,VeryLate,VeryEarly
Medium_Moderate_Light_High_Moderate_Moderate_VeryLate_VeryEarly_123,IBS,9,510.0,0.0,508.0,487.0,VeryLate,VeryEarly
Medium_Moderate_Light_High_Moderate_Moderate_VeryLate_VeryEarly_123,IBS,6,509.0,0.0,508.0,487.0,VeryLate,VeryEarly
Medium_Moderate_Light_High_Moderate_Moderate_VeryLate_VeryEarly_123,IBS,4,510.0,0.0,508.0,487.0,VeryLate,VeryEarly
Medium_Moderate_Light_High_Moderate_Moderate_VeryLate_VeryEarly_123,CUTH,7,582.0,0.0,508.0,487.0,VeryLate,VeryEarly
Medium_Moderate_Light_High_Moderate_Moderate_VeryLate_VeryEarly_123,CUTH,4,582.0,0.0,508.0,487.0,VeryLate,VeryEarly
Medium_Moderate_Light_High_Moderate_Moderate_VeryLate_VeryEarly_123,CUTH,2,582.0,0.0,508.0,487.0,VeryLate,VeryEarly
Medium_Moderate_Light_High_Moderate_Moderate_VeryLate_VeryEarly_123,CUTH,5,582.0,0.0,508.0,487.0,VeryLate,VeryEarly
Medium_Moderate_Light_High_Moderate_Moderate_VeryLate_VeryEarly_123,CUTH,6,582.0,0.0,508.0,487.0,VeryLate,VeryEarly
Medium_Moderate_Light_High_Moderate_Moderate_VeryLate_VeryEarly_123,CUTH,3,582.0,0.0,508.0,487.0,VeryLate,VeryEarly
Medium_Moderate_Light_High_Moderate_Moderate_VeryLate_VeryEarly_123,CUTH,1,582.0,0.0,508.0,487.0,VeryLate,VeryEarly
Medium_Moderate_Light_High_Moderate_Moderate_VeryLate_VeryEarly_123,CUTH,10,582.0,0.0,508.0,487.0,VeryLate,VeryEarly
Medium_Moderate_Light_High_Moderate_Moderate_VeryLate_VeryEarly_123,CUTH,8,582.0,0.0,508.0,487.0,VeryLate,VeryEarly
Medium_Moderate_Light_High_Moderate_Moderate_VeryLate_VeryEarly_123,CUTH,9,582.0,0.0,508.0,487.0,VeryLate,VeryEarly
Medium_Moderate_Light_High_Moderate_Moderate_VeryLate_VeryEarly_123,LBBD,1,899.0,445.0,508.0,487.0,VeryLate,VeryEarly
Medium_Moderate_Light_High_Moderate_Moderate_VeryLate_VeryEarly_123,LBBD,6,900.0,438.0,508.0,487.0,VeryLate,VeryEarly
Medium_Moderate_Light_High_Moderate_Moderate_VeryLate_VeryEarly_123,LBBD,4,896.0,443.0,508.0,487.0,VeryLate,VeryEarly
Medium_Moderate_Light_High_Moderate_Moderate_VeryLate_VeryEarly_123,LBBD,7,900.0,448.0,508.0,487.0,VeryLate,VeryEarly
Medium_Moderate_Light_High_Moderate_Moderate_VeryLate_VeryEarly_123,LBBD,2,508.0,457.0,508.0,487.0,VeryLate,VeryEarly
Medium_Moderate_Light_High_Moderate_Moderate_VeryLate_VeryEarly_123,LBBD,3,899.0,463.0,508.0,487.0,VeryLate,VeryEarly
Medium_Moderate_Light_High_Moderate_Moderate_VeryLate_VeryEarly_123,LBBD,5,900.0,437.0,508.0,487.0,VeryLate,VeryEarly
Medium_Moderate_Light_High_Moderate_Moderate_VeryLate_VeryEarly_123,LBBD,10,807.0,471.0,508.0,487.0,VeryLate,VeryEarly
Medium_Moderate_Light_High_Moderate_Moderate_VeryLate_VeryEarly_123,LBBD,9,899.0,457.0,508.0,487.0,VeryLate,VeryEarly
Medium_Moderate_Light_High_Moderate_Moderate_VeryLate_VeryEarly_123,LBBD,8,821.0,452.0,508.0,487.0,VeryLate,VeryEarly
Medium_Moderate_Light_High_Moderate_Moderate_VeryLate_VeryEarly_123,ILS,7,892.0,0.0,508.0,487.0,VeryLate,VeryEarly
Medium_Moderate_Light_High_Moderate_Moderate_VeryLate_VeryEarly_123,ILS,5,894.0,0.0,508.0,487.0,VeryLate,VeryEarly
Medium_Moderate_Light_High_Moderate_Moderate_VeryLate_VeryEarly_123,ILS,6,897.0,0.0,508.0,487.0,VeryLate,VeryEarly
Medium_Moderate_Light_High_Moderate_Moderate_VeryLate_VeryEarly_123,ILS,9,890.0,0.0,508.0,487.0,VeryLate,VeryEarly
Medium_Moderate_Light_High_Moderate_Moderate_VeryLate_VeryEarly_123,ILS,3,892.0,0.0,508.0,487.0,VeryLate,VeryEarly
Medium_Moderate_Light_High_Moderate_Moderate_VeryLate_VeryEarly_123,ILS,8,890.0,0.0,508.0,487.0,VeryLate,VeryEarly
Medium_Moderate_Light_High_Moderate_Moderate_VeryLate_VeryEarly_123,ILS,4,898.0,0.0,508.0,487.0,VeryLate,VeryEarly
Medium_Moderate_Light_High_Moderate_Moderate_VeryLate_VeryEarly_123,ILS,2,892.0,0.0,508.0,487.0,VeryLate,VeryEarly
Medium_Moderate_Light_High_Moderate_Moderate_VeryLate_VeryEarly_123,ILS,10,891.0,0.0,508.0,487.0,VeryLate,VeryEarly
Medium_Moderate_Light_High_Moderate_Moderate_VeryLate_VeryEarly_123,ILS,1,897.0,0.0,508.0,487.0,VeryLate,VeryEarly
Medium_Moderate_Light_High_Moderate_Moderate_VeryLate_VeryEarly_123,RS,1,881.0,0.0,508.0,487.0,VeryLate,VeryEarly
Medium_Moderate_Light_High_Moderate_Moderate_Early_VeryEarly_123,MIP,2,749.0,198.0,436.0,316.0,Early,VeryEarly
Medium_Moderate_Light_High_Moderate_Moderate_Early_VeryEarly_123,MIP,6,753.0,242.0,436.0,316.0,Early,VeryEarly
Medium_Moderate_Light_High_Moderate_Moderate_Early_VeryEarly_123,MIP,10,809.0,187.0,436.0,316.0,Early,VeryEarly
Medium_Moderate_Light_High_Moderate_Moderate_Early_VeryEarly_123,MIP,3,436.0,198.0,436.0,316.0,Early,VeryEarly
Medium_Moderate_Light_High_Moderate_Moderate_Early_VeryEarly_123,MIP,9,646.0,189.0,436.0,316.0,Early,VeryEarly
Medium_Moderate_Light_High_Moderate_Moderate_Early_VeryEarly_123,MIP,4,437.0,200.0,436.0,316.0,Early,VeryEarly
Medium_Moderate_Light_High_Moderate_Moderate_Early_VeryEarly_123,MIP,8,547.0,194.0,436.0,316.0,Early,VeryEarly
Medium_Moderate_Light_High_Moderate_Moderate_Early_VeryEarly_123,MIP,7,792.0,238.0,436.0,316.0,Early,VeryEarly
Medium_Moderate_Light_High_Moderate_Moderate_Early_VeryEarly_123,MIP,5,507.0,194.0,436.0,316.0,Early,VeryEarly
Medium_Moderate_Light_High_Moderate_Moderate_Early_VeryEarly_123,MIP,1,560.0,192.0,436.0,316.0,Early,VeryEarly
Medium_Moderate_Light_High_Moderate_Moderate_Early_VeryEarly_123,IBS,3,445.0,0.0,436.0,316.0,Early,VeryEarly
Medium_Moderate_Light_High_Moderate_Moderate_Early_VeryEarly_123,IBS,6,444.0,0.0,436.0,316.0,Early,VeryEarly
Medium_Moderate_Light_High_Moderate_Moderate_Early_VeryEarly_123,IBS,4,445.0,0.0,436.0,316.0,Early,VeryEarly
Medium_Moderate_Light_High_Moderate_Moderate_Early_VeryEarly_123,IBS,7,444.0,0.0,436.0,316.0,Early,VeryEarly
Medium_Moderate_Light_High_Moderate_Moderate_Early_VeryEarly_123,IBS,1,445.0,0.0,436.0,316.0,Early,VeryEarly
Medium_Moderate_Light_High_Moderate_Moderate_Early_VeryEarly_123,IBS,8,443.0,0.0,436.0,316.0,Early,VeryEarly
Medium_Moderate_Light_High_Moderate_Moderate_Early_VeryEarly_123,IBS,2,445.0,0.0,436.0,316.0,Early,VeryEarly
Medium_Moderate_Light_High_Moderate_Moderate_Early_VeryEarly_123,IBS,9,444.0,0.0,436.0,316.0,Early,VeryEarly
Medium_Moderate_Light_High_Moderate_Moderate_Early_VeryEarly_123,IBS,5,443.0,0.0,436.0,316.0,Early,VeryEarly
Medium_Moderate_Light_High_Moderate_Moderate_Early_VeryEarly_123,IBS,10,444.0,0.0,436.0,316.0,Early,VeryEarly
Medium_Moderate_Light_High_Moderate_Moderate_Early_VeryEarly_123,CUTH,1,524.0,0.0,436.0,316.0,Early,VeryEarly
Medium_Moderate_Light_High_Moderate_Moderate_Early_VeryEarly_123,CUTH,8,524.0,0.0,436.0,316.0,Early,VeryEarly
Medium_Moderate_Light_High_Moderate_Moderate_Early_VeryEarly_123,CUTH,5,524.0,0.0,436.0,316.0,Early,VeryEarly
Medium_Moderate_Light_High_Moderate_Moderate_Early_VeryEarly_123,CUTH,6,524.0,0.0,436.0,316.0,Early,VeryEarly
Medium_Moderate_Light_High_Moderate_Moderate_Early_VeryEarly_123,CUTH,3,524.0,0.0,436.0,316.0,Early,VeryEarly
Medium_Moderate_Light_High_Moderate_Moderate_Early_VeryEarly_123,CUTH,4,524.0,0.0,436.0,316.0,Early,VeryEarly
Medium_Moderate_Light_High_Moderate_Moderate_Early_VeryEarly_123,CUTH,7,524.0,0.0,436.0,316.0,Early,VeryEarly
Medium_Moderate_Light_High_Moderate_Moderate_Early_VeryEarly_123,CUTH,9,524.0,0.0,436.0,316.0,Early,VeryEarly
Medium_Moderate_Light_High_Moderate_Moderate_Early_VeryEarly_123,CUTH,10,524.0,0.0,436.0,316.0,Early,VeryEarly
Medium_Moderate_Light_High_Moderate_Moderate_Early_VeryEarly_123,CUTH,2,524.0,0.0,436.0,316.0,Early,VeryEarly
Medium_Moderate_Light_High_Moderate_Moderate_Early_VeryEarly_123,LBBD,8,894.0,306.0,436.0,316.0,Early,VeryEarly
Medium_Moderate_Light_High_Moderate_Moderate_Early_VeryEarly_123,LBBD,3,824.0,312.0,436.0,316.0,Early,VeryEarly
Medium_Moderate_Light_High_Moderate_Moderate_Early_VeryEarly_123,LBBD,6,806.0,295.0,436.0,316.0,Early,VeryEarly
Medium_Moderate_Light_High_Moderate_Moderate_Early_VeryEarly_123,LBBD,9,832.0,307.0,436.0,316.0,Early,VeryEarly
Medium_Moderate_Light_High_Moderate_Moderate_Early_VeryEarly_123,LBBD,2,879.0,284.0,436.0,316.0,Early,VeryEarly
Medium_Moderate_Light_High_Moderate_Moderate_Early_VeryEarly_123,LBBD,10,900.0,301.0,436.0,316.0,Early,VeryEarly
Medium_Moderate_Light_High_Moderate_Moderate_Early_VeryEarly_123,LBBD,4,876.0,293.0,436.0,316.0,Early,VeryEarly
Medium_Moderate_Light_High_Moderate_Moderate_Early_VeryEarly_123,LBBD,5,771.0,305.0,436.0,316.0,Early,VeryEarly
Medium_Moderate_Light_High_Moderate_Moderate_Early_VeryEarly_123,LBBD,1,791.0,316.0,436.0,316.0,Early,VeryEarly
Medium_Moderate_Light_High_Moderate_Moderate_Early_VeryEarly_123,LBBD,7,886.0,287.0,436.0,316.0,Early,VeryEarly
Medium_Moderate_Light_High_Moderate_Moderate_Early_VeryEarly_123,ILS,5,889.0,0.0,436.0,316.0,Early,VeryEarly
Medium_Moderate_Light_High_Moderate_Moderate_Early_VeryEarly_123,ILS,1,898.0,0.0,436.0,316.0,Early,VeryEarly
Medium_Moderate_Light_High_Moderate_Moderate_Early_VeryEarly_123,ILS,6,896.0,0.0,436.0,316.0,Early,VeryEarly
Medium_Moderate_Light_High_Moderate_Moderate_Early_VeryEarly_123,ILS,4,895.0,0.0,436.0,316.0,Early,VeryEarly
Medium_Moderate_Light_High_Moderate_Moderate_Early_VeryEarly_123,ILS,3,900.0,0.0,436.0,316.0,Early,VeryEarly
Medium_Moderate_Light_High_Moderate_Moderate_Early_VeryEarly_123,ILS,9,875.0,0.0,436.0,316.0,Early,VeryEarly
Medium_Moderate_Light_High_Moderate_Moderate_Early_VeryEarly_123,ILS,7,898.0,0.0,436.0,316.0,Early,VeryEarly
Medium_Moderate_Light_High_Moderate_Moderate_Early_VeryEarly_123,ILS,8,888.0,0.0,436.0,316.0,Early,VeryEarly
Medium_Moderate_Light_High_Moderate_Moderate_Early_VeryEarly_123,ILS,2,896.0,0.0,436.0,316.0,Early,VeryEarly
Medium_Moderate_Light_High_Moderate_Moderate_Early_VeryEarly_123,ILS,10,897.0,0.0,436.0,316.0,Early,VeryEarly
Medium_Moderate_Light_High_Moderate_Moderate_Early_VeryEarly_123,RS,1,883.0,0.0,436.0,316.0,Early,VeryEarly
Medium_Moderate_Light_High_Moderate_Moderate_Early_Late_123,MIP,5,818.0,195.0,474.0,376.0,Early,Late
Medium_Moderate_Light_High_Moderate_Moderate_Early_Late_123,MIP,3,790.0,245.0,474.0,376.0,Early,Late
Medium_Moderate_Light_High_Moderate_Moderate_Early_Late_123,MIP,4,814.0,247.0,474.0,376.0,Early,Late
Medium_Moderate_Light_High_Moderate_Moderate_Early_Late_123,MIP,10,768.0,195.0,474.0,376.0,Early,Late
Medium_Moderate_Light_High_Moderate_Moderate_Early_Late_123,MIP,2,833.0,247.0,474.0,376.0,Early,Late
Medium_Moderate_Light_High_Moderate_Moderate_Early_Late_123,MIP,7,792.0,248.0,474.0,376.0,Early,Late
Medium_Moderate_Light_High_Moderate_Moderate_Early_Late_123,MIP,1,852.0,191.0,474.0,376.0,Early,Late
Medium_Moderate_Light_High_Moderate_Moderate_Early_Late_123,MIP,9,674.0,195.0,474.0,376.0,Early,Late
Medium_Moderate_Light_High_Moderate_Moderate_Early_Late_123,MIP,6,797.0,199.0,474.0,376.0,Early,Late
Medium_Moderate_Light_High_Moderate_Moderate_Early_Late_123,MIP,8,744.0,195.0,474.0,376.0,Early,Late
Medium_Moderate_Light_High_Moderate_Moderate_Early_Late_123,IBS,10,475.0,0.0,474.0,376.0,Early,Late
Medium_Moderate_Light_High_Moderate_Moderate_Early_Late_123,IBS,1,475.0,0.0,474.0,376.0,Early,Late
Medium_Moderate_Light_High_Moderate_Moderate_Early_Late_123,IBS,8,476.0,0.0,474.0,376.0,Early,Late
Medium_Moderate_Light_High_Moderate_Moderate_Early_Late_123,IBS,5,475.0,0.0,474.0,376.0,Early,Late
Medium_Moderate_Light_High_Moderate_Moderate_Early_Late_123,IBS,6,474.0,0.0,474.0,376.0,Early,Late
Medium_Moderate_Light_High_Moderate_Moderate_Early_Late_123,IBS,7,474.0,0.0,474.0,376.0,Early,Late
Medium_Moderate_Light_High_Moderate_Moderate_Early_Late_123,IBS,2,474.0,0.0,474.0,376.0,Early,Late
Medium_Moderate_Light_High_Moderate_Moderate_Early_Late_123,IBS,3,475.0,0.0,474.0,376.0,Early,Late
Medium_Moderate_Light_High_Moderate_Moderate_Early_Late_123,IBS,4,475.0,0.0,474.0,376.0,Early,Late
Medium_Moderate_Light_High_Moderate_Moderate_Early_Late_123,IBS,9,474.0,0.0,474.0,376.0,Early,Late
Medium_Moderate_Light_High_Moderate_Moderate_Early_Late_123,CUTH,7,715.0,0.0,474.0,376.0,Early,Late
Medium_Moderate_Light_High_Moderate_Moderate_Early_Late_123,CUTH,8,715.0,0.0,474.0,376.0,Early,Late
Medium_Moderate_Light_High_Moderate_Moderate_Early_Late_123,CUTH,3,715.0,0.0,474.0,376.0,Early,Late
Medium_Moderate_Light_High_Moderate_Moderate_Early_Late_123,CUTH,6,715.0,0.0,474.0,376.0,Early,Late
Medium_Moderate_Light_High_Moderate_Moderate_Early_Late_123,CUTH,9,715.0,0.0,474.0,376.0,Early,Late
Medium_Moderate_Light_High_Moderate_Moderate_Early_Late_123,CUTH,1,715.0,0.0,474.0,376.0,Early,Late
Medium_Moderate_Light_High_Moderate_Moderate_Early_Late_123,CUTH,5,715.0,0.0,474.0,376.0,Early,Late
Medium_Moderate_Light_High_Moderate_Moderate_Early_Late_123,CUTH,10,715.0,0.0,474.0,376.0,Early,Late
Medium_Moderate_Light_High_Moderate_Moderate_Early_Late_123,CUTH,4,715.0,0.0,474.0,376.0,Early,Late
Medium_Moderate_Light_High_Moderate_Moderate_Early_Late_123,CUTH,2,715.0,0.0,474.0,376.0,Early,Late
Medium_Moderate_Light_High_Moderate_Moderate_Early_Late_123,LBBD,1,900.0,352.0,474.0,376.0,Early,Late
Medium_Moderate_Light_High_Moderate_Moderate_Early_Late_123,LBBD,4,890.0,358.0,474.0,376.0,Early,Late
Medium_Moderate_Light_High_Moderate_Moderate_Early_Late_123,LBBD,2,899.0,347.0,474.0,376.0,Early,Late
Medium_Moderate_Light_High_Moderate_Moderate_Early_Late_123,LBBD,5,767.0,370.0,474.0,376.0,Early,Late
Medium_Moderate_Light_High_Moderate_Moderate_Early_Late_123,LBBD,7,837.0,354.0,474.0,376.0,Early,Late
Medium_Moderate_Light_High_Moderate_Moderate_Early_Late_123,LBBD,6,776.0,355.0,474.0,376.0,Early,Late
Medium_Moderate_Light_High_Moderate_Moderate_Early_Late_123,LBBD,3,881.0,365.0,474.0,376.0,Early,Late
Medium_Moderate_Light_High_Moderate_Moderate_Early_Late_123,LBBD,8,892.0,352.0,474.0,376.0,Early,Late
Medium_Moderate_Light_High_Moderate_Moderate_Early_Late_123,LBBD,9,782.0,376.0,474.0,376.0,Early,Late
Medium_Moderate_Light_High_Moderate_Moderate_Early_Late_123,LBBD,10,892.0,353.0,474.0,376.0,Early,Late
Medium_Moderate_Light_High_Moderate_Moderate_Early_Late_123,ILS,2,895.0,0.0,474.0,376.0,Early,Late
Medium_Moderate_Light_High_Moderate_Moderate_Early_Late_123,ILS,7,897.0,0.0,474.0,376.0,Early,Late
Medium_Moderate_Light_High_Moderate_Moderate_Early_Late_123,ILS,1,899.0,0.0,474.0,376.0,Early,Late
Medium_Moderate_Light_High_Moderate_Moderate_Early_Late_123,ILS,9,897.0,0.0,474.0,376.0,Early,Late
Medium_Moderate_Light_High_Moderate_Moderate_Early_Late_123,ILS,10,900.0,0.0,474.0,376.0,Early,Late
Medium_Moderate_Light_High_Moderate_Moderate_Early_Late_123,ILS,5,898.0,0.0,474.0,376.0,Early,Late
Medium_Moderate_Light_High_Moderate_Moderate_Early_Late_123,ILS,6,899.0,0.0,474.0,376.0,Early,Late
Medium_Moderate_Light_High_Moderate_Moderate_Early_Late_123,ILS,8,899.0,0.0,474.0,376.0,Early,Late
Medium_Moderate_Light_High_Moderate_Moderate_Early_Late_123,ILS,4,900.0,0.0,474.0,376.0,Early,Late
Medium_Moderate_Light_High_Moderate_Moderate_Early_Late_123,ILS,3,896.0,0.0,474.0,376.0,Early,Late
Medium_Moderate_Light_High_Moderate_Moderate_Early_Late_123,RS,1,864.0,0.0,474.0,376.0,Early,Late
Medium_Moderate_Light_High_Moderate_Moderate_VeryLate_Early_123,MIP,8,746.0,499.0,533.0,502.0,VeryLate,Early
Medium_Moderate_Light_High_Moderate_Moderate_VeryLate_Early_123,MIP,4,696.0,499.0,533.0,502.0,VeryLate,Early
Medium_Moderate_Light_High_Moderate_Moderate_VeryLate_Early_123,MIP,3,744.0,459.0,533.0,502.0,VeryLate,Early
Medium_Moderate_Light_High_Moderate_Moderate_VeryLate_Early_123,MIP,9,578.0,500.0,533.0,502.0,VeryLate,Early
Medium_Moderate_Light_High_Moderate_Moderate_VeryLate_Early_123,MIP,5,727.0,497.0,533.0,502.0,VeryLate,Early
Medium_Moderate_Light_High_Moderate_Moderate_VeryLate_Early_123,MIP,10,746.0,459.0,533.0,502.0,VeryLate,Early
Medium_Moderate_Light_High_Moderate_Moderate_VeryLate_Early_123,MIP,7,700.0,463.0,533.0,502.0,VeryLate,Early
Medium_Moderate_Light_High_Moderate_Moderate_VeryLate_Early_123,MIP,2,762.0,498.0,533.0,502.0,VeryLate,Early
Medium_Moderate_Light_High_Moderate_Moderate_VeryLate_Early_123,MIP,6,788.0,499.0,533.0,502.0,VeryLate,Early
Medium_Moderate_Light_High_Moderate_Moderate_VeryLate_Early_123,MIP,1,569.0,465.0,533.0,502.0,VeryLate,Early
Medium_Moderate_Light_High_Moderate_Moderate_VeryLate_Early_123,IBS,2,549.0,0.0,533.0,502.0,VeryLate,Early
Medium_Moderate_Light_High_Moderate_Moderate_VeryLate_Early_123,IBS,5,548.0,0.0,533.0,502.0,VeryLate,Early
Medium_Moderate_Light_High_Moderate_Moderate_VeryLate_Early_123,IBS,10,547.0,0.0,533.0,502.0,VeryLate,Early
Medium_Moderate_Light_High_Moderate_Moderate_VeryLate_Early_123,IBS,9,543.0,0.0,533.0,502.0,VeryLate,Early
Medium_Moderate_Light_High_Moderate_Moderate_VeryLate_Early_123,IBS,3,548.0,0.0,533.0,502.0,VeryLate,Early
Medium_Moderate_Light_High_Moderate_Moderate_VeryLate_Early_123,IBS,4,547.0,0.0,533.0,502.0,VeryLate,Early
Medium_Moderate_Light_High_Moderate_Moderate_VeryLate_Early_123,IBS,8,547.0,0.0,533.0,502.0,VeryLate,Early
Medium_Moderate_Light_High_Moderate_Moderate_VeryLate_Early_123,IBS,6,548.0,0.0,533.0,502.0,VeryLate,Early
Medium_Moderate_Light_High_Moderate_Moderate_VeryLate_Early_123,IBS,7,548.0,0.0,533.0,502.0,VeryLate,Early
Medium_Moderate_Light_High_Moderate_Moderate_VeryLate_Early_123,IBS,1,548.0,0.0,533.0,502.0,VeryLate,Early
Medium_Moderate_Light_High_Moderate_Moderate_VeryLate_Early_123,CUTH,8,631.0,0.0,533.0,502.0,VeryLate,Early
Medium_Moderate_Light_High_Moderate_Moderate_VeryLate_Early_123,CUTH,1,631.0,0.0,533.0,502.0,VeryLate,Early
Medium_Moderate_Light_High_Moderate_Moderate_VeryLate_Early_123,CUTH,6,631.0,0.0,533.0,502.0,VeryLate,Early
Medium_Moderate_Light_High_Moderate_Moderate_VeryLate_Early_123,CUTH,10,631.0,0.0,533.0,502.0,VeryLate,Early
Medium_Moderate_Light_High_Moderate_Moderate_VeryLate_Early_123,CUTH,4,631.0,0.0,533.0,502.0,VeryLate,Early
Medium_Moderate_Light_High_Moderate_Moderate_VeryLate_Early_123,CUTH,3,631.0,0.0,533.0,502.0,VeryLate,Early
Medium_Moderate_Light_High_Moderate_Moderate_VeryLate_Early_123,CUTH,9,631.0,0.0,533.0,502.0,VeryLate,Early
Medium_Moderate_Light_High_Moderate_Moderate_VeryLate_Early_123,CUTH,7,631.0,0.0,533.0,502.0,VeryLate,Early
Medium_Moderate_Light_High_Moderate_Moderate_VeryLate_Early_123,CUTH,2,631.0,0.0,533.0,502.0,VeryLate,Early
Medium_Moderate_Light_High_Moderate_Moderate_VeryLate_Early_123,CUTH,5,631.0,0.0,533.0,502.0,VeryLate,Early
Medium_Moderate_Light_High_Moderate_Moderate_VeryLate_Early_123,LBBD,2,870.0,484.0,533.0,502.0,VeryLate,Early
Medium_Moderate_Light_High_Moderate_Moderate_VeryLate_Early_123,LBBD,6,752.0,479.0,533.0,502.0,VeryLate,Early
Medium_Moderate_Light_High_Moderate_Moderate_VeryLate_Early_123,LBBD,10,886.0,478.0,533.0,502.0,VeryLate,Early
Medium_Moderate_Light_High_Moderate_Moderate_VeryLate_Early_123,LBBD,1,872.0,488.0,533.0,502.0,VeryLate,Early
Medium_Moderate_Light_High_Moderate_Moderate_VeryLate_Early_123,LBBD,3,888.0,465.0,533.0,502.0,VeryLate,Early
Medium_Moderate_Light_High_Moderate_Moderate_VeryLate_Early_123,LBBD,5,786.0,474.0,533.0,502.0,VeryLate,Early
Medium_Moderate_Light_High_Moderate_Moderate_VeryLate_Early_123,LBBD,8,541.0,499.0,533.0,502.0,VeryLate,Early
Medium_Moderate_Light_High_Moderate_Moderate_VeryLate_Early_123,LBBD,9,533.0,502.0,533.0,502.0,VeryLate,Early
Medium_Moderate_Light_High_Moderate_Moderate_VeryLate_Early_123,LBBD,7,899.0,485.0,533.0,502.0,VeryLate,Early
Medium_Moderate_Light_High_Moderate_Moderate_VeryLate_Early_123,LBBD,4,899.0,468.0,533.0,502.0,VeryLate,Early
Medium_Moderate_Light_High_Moderate_Moderate_VeryLate_Early_123,ILS,6,897.0,0.0,533.0,502.0,VeryLate,Early
Medium_Moderate_Light_High_Moderate_Moderate_VeryLate_Early_123,ILS,3,896.0,0.0,533.0,502.0,VeryLate,Early
Medium_Moderate_Light_High_Moderate_Moderate_VeryLate_Early_123,ILS,1,896.0,0.0,533.0,502.0,VeryLate,Early
Medium_Moderate_Light_High_Moderate_Moderate_VeryLate_Early_123,ILS,10,898.0,0.0,533.0,502.0,VeryLate,Early
Medium_Moderate_Light_High_Moderate_Moderate_VeryLate_Early_123,ILS,5,899.0,0.0,533.0,502.0,VeryLate,Early
Medium_Moderate_Light_High_Moderate_Moderate_VeryLate_Early_123,ILS,4,892.0,0.0,533.0,502.0,VeryLate,Early
Medium_Moderate_Light_High_Moderate_Moderate_VeryLate_Early_123,ILS,8,899.0,0.0,533.0,502.0,VeryLate,Early
Medium_Moderate_Light_High_Moderate_Moderate_VeryLate_Early_123,ILS,7,897.0,0.0,533.0,502.0,VeryLate,Early
Medium_Moderate_Light_High_Moderate_Moderate_VeryLate_Early_123,ILS,9,894.0,0.0,533.0,502.0,VeryLate,Early
Medium_Moderate_Light_High_Moderate_Moderate_VeryLate_Early_123,ILS,2,884.0,0.0,533.0,502.0,VeryLate,Early
Medium_Moderate_Light_High_Moderate_Moderate_VeryLate_Early_123,RS,1,877.0,0.0,533.0,502.0,VeryLate,Early
Medium_Moderate_Light_High_Moderate_Moderate_VeryLate_Late_123,MIP,7,751.0,512.0,581.0,522.0,VeryLate,Late
Medium_Moderate_Light_High_Moderate_Moderate_VeryLate_Late_123,MIP,8,738.0,467.0,581.0,522.0,VeryLate,Late
Medium_Moderate_Light_High_Moderate_Moderate_VeryLate_Late_123,MIP,4,695.0,468.0,581.0,522.0,VeryLate,Late
Medium_Moderate_Light_High_Moderate_Moderate_VeryLate_Late_123,MIP,9,736.0,512.0,581.0,522.0,VeryLate,Late
Medium_Moderate_Light_High_Moderate_Moderate_VeryLate_Late_123,MIP,1,730.0,466.0,581.0,522.0,VeryLate,Late
Medium_Moderate_Light_High_Moderate_Moderate_VeryLate_Late_123,MIP,3,752.0,475.0,581.0,522.0,VeryLate,Late
Medium_Moderate_Light_High_Moderate_Moderate_VeryLate_Late_123,MIP,2,626.0,511.0,581.0,522.0,VeryLate,Late
Medium_Moderate_Light_High_Moderate_Moderate_VeryLate_Late_123,MIP,10,694.0,510.0,581.0,522.0,VeryLate,Late
Medium_Moderate_Light_High_Moderate_Moderate_VeryLate_Late_123,MIP,6,601.0,509.0,581.0,522.0,VeryLate,Late
Medium_Moderate_Light_High_Moderate_Moderate_VeryLate_Late_123,MIP,5,675.0,511.0,581.0,522.0,VeryLate,Late
Medium_Moderate_Light_High_Moderate_Moderate_VeryLate_Late_123,IBS,2,581.0,0.0,581.0,522.0,VeryLate,Late
Medium_Moderate_Light_High_Moderate_Moderate_VeryLate_Late_123,IBS,3,581.0,0.0,581.0,522.0,VeryLate,Late
Medium_Moderate_Light_High_Moderate_Moderate_VeryLate_Late_123,IBS,7,581.0,0.0,581.0,522.0,VeryLate,Late
Medium_Moderate_Light_High_Moderate_Moderate_VeryLate_Late_123,IBS,4,581.0,0.0,581.0,522.0,VeryLate,Late
Medium_Moderate_Light_High_Moderate_Moderate_VeryLate_Late_123,IBS,5,581.0,0.0,581.0,522.0,VeryLate,Late
Medium_Moderate_Light_High_Moderate_Moderate_VeryLate_Late_123,IBS,10,581.0,0.0,581.0,522.0,VeryLate,Late
Medium_Moderate_Light_High_Moderate_Moderate_VeryLate_Late_123,IBS,1,581.0,0.0,581.0,522.0,VeryLate,Late
Medium_Moderate_Light_High_Moderate_Moderate_VeryLate_Late_123,IBS,8,581.0,0.0,581.0,522.0,VeryLate,Late
Medium_Moderate_Light_High_Moderate_Moderate_VeryLate_Late_123,IBS,6,581.0,0.0,581.0,522.0,VeryLate,Late
Medium_Moderate_Light_High_Moderate_Moderate_VeryLate_Late_123,IBS,9,581.0,0.0,581.0,522.0,VeryLate,Late
Medium_Moderate_Light_High_Moderate_Moderate_VeryLate_Late_123,CUTH,10,726.0,0.0,581.0,522.0,VeryLate,Late
Medium_Moderate_Light_High_Moderate_Moderate_VeryLate_Late_123,CUTH,8,726.0,0.0,581.0,522.0,VeryLate,Late
Medium_Moderate_Light_High_Moderate_Moderate_VeryLate_Late_123,CUTH,2,726.0,0.0,581.0,522.0,VeryLate,Late
Medium_Moderate_Light_High_Moderate_Moderate_VeryLate_Late_123,CUTH,6,726.0,0.0,581.0,522.0,VeryLate,Late
Medium_Moderate_Light_High_Moderate_Moderate_VeryLate_Late_123,CUTH,4,726.0,0.0,581.0,522.0,VeryLate,Late
Medium_Moderate_Light_High_Moderate_Moderate_VeryLate_Late_123,CUTH,7,726.0,0.0,581.0,522.0,VeryLate,Late
Medium_Moderate_Light_High_Moderate_Moderate_VeryLate_Late_123,CUTH,9,726.0,0.0,581.0,522.0,VeryLate,Late
Medium_Moderate_Light_High_Moderate_Moderate_VeryLate_Late_123,CUTH,1,726.0,0.0,581.0,522.0,VeryLate,Late
Medium_Moderate_Light_High_Moderate_Moderate_VeryLate_Late_123,CUTH,5,726.0,0.0,581.0,522.0,VeryLate,Late
Medium_Moderate_Light_High_Moderate_Moderate_VeryLate_Late_123,CUTH,3,726.0,0.0,581.0,522.0,VeryLate,Late
Medium_Moderate_Light_High_Moderate_Moderate_VeryLate_Late_123,LBBD,3,880.0,518.0,581.0,522.0,VeryLate,Late
Medium_Moderate_Light_High_Moderate_Moderate_VeryLate_Late_123,LBBD,5,812.0,519.0,581.0,522.0,VeryLate,Late
Medium_Moderate_Light_High_Moderate_Moderate_VeryLate_Late_123,LBBD,10,834.0,511.0,581.0,522.0,VeryLate,Late
Medium_Moderate_Light_High_Moderate_Moderate_VeryLate_Late_123,LBBD,4,876.0,514.0,581.0,522.0,VeryLate,Late
Medium_Moderate_Light_High_Moderate_Moderate_VeryLate_Late_123,LBBD,8,884.0,521.0,581.0,522.0,VeryLate,Late
Medium_Moderate_Light_High_Moderate_Moderate_VeryLate_Late_123,LBBD,6,772.0,501.0,581.0,522.0,VeryLate,Late
Medium_Moderate_Light_High_Moderate_Moderate_VeryLate_Late_123,LBBD,1,883.0,504.0,581.0,522.0,VeryLate,Late
Medium_Moderate_Light_High_Moderate_Moderate_VeryLate_Late_123,LBBD,9,811.0,522.0,581.0,522.0,VeryLate,Late
Medium_Moderate_Light_High_Moderate_Moderate_VeryLate_Late_123,LBBD,7,774.0,507.0,581.0,522.0,VeryLate,Late
Medium_Moderate_Light_High_Moderate_Moderate_VeryLate_Late_123,LBBD,2,800.0,507.0,581.0,522.0,VeryLate,Late
Medium_Moderate_Light_High_Moderate_Moderate_VeryLate_Late_123,ILS,2,891.0,0.0,581.0,522.0,VeryLate,Late
Medium_Moderate_Light_High_Moderate_Moderate_VeryLate_Late_123,ILS,10,900.0,0.0,581.0,522.0,VeryLate,Late
Medium_Moderate_Light_High_Moderate_Moderate_VeryLate_Late_123,ILS,4,894.0,0.0,581.0,522.0,VeryLate,Late
Medium_Moderate_Light_High_Moderate_Moderate_VeryLate_Late_123,ILS,7,899.0,0.0,581.0,522.0,VeryLate,Late
Medium_Moderate_Light_High_Moderate_Moderate_VeryLate_Late_123,ILS,6,899.0,0.0,581.0,522.0,VeryLate,Late
Medium_Moderate_Light_High_Moderate_Moderate_VeryLate_Late_123,ILS,3,899.0,0.0,581.0,522.0,VeryLate,Late
Medium_Moderate_Light_High_Moderate_Moderate_VeryLate_Late_123,ILS,1,895.0,0.0,581.0,522.0,VeryLate,Late
Medium_Moderate_Light_High_Moderate_Moderate_VeryLate_Late_123,ILS,9,894.0,0.0,581.0,522.0,VeryLate,Late
Medium_Moderate_Light_High_Moderate_Moderate_VeryLate_Late_123,ILS,5,899.0,0.0,581.0,522.0,VeryLate,Late
Medium_Moderate_Light_High_Moderate_Moderate_VeryLate_Late_123,ILS,8,896.0,0.0,581.0,522.0,VeryLate,Late
Medium_Moderate_Light_High_Moderate_Moderate_VeryLate_Late_123,RS,1,875.0,0.0,581.0,522.0,VeryLate,Late
Medium_Moderate_Light_High_Moderate_Moderate_Early_Early_123,MIP,6,803.0,195.0,457.0,336.0,Early,Early
Medium_Moderate_Light_High_Moderate_Moderate_Early_Early_123,MIP,1,534.0,197.0,457.0,336.0,Early,Early
Medium_Moderate_Light_High_Moderate_Moderate_Early_Early_123,MIP,10,835.0,246.0,457.0,336.0,Early,Early
Medium_Moderate_Light_High_Moderate_Moderate_Early_Early_123,MIP,7,685.0,200.0,457.0,336.0,Early,Early
Medium_Moderate_Light_High_Moderate_Moderate_Early_Early_123,MIP,3,752.0,200.0,457.0,336.0,Early,Early
Medium_Moderate_Light_High_Moderate_Moderate_Early_Early_123,MIP,9,532.0,246.0,457.0,336.0,Early,Early
Medium_Moderate_Light_High_Moderate_Moderate_Early_Early_123,MIP,2,847.0,208.0,457.0,336.0,Early,Early
Medium_Moderate_Light_High_Moderate_Moderate_Early_Early_123,MIP,4,749.0,203.0,457.0,336.0,Early,Early
Medium_Moderate_Light_High_Moderate_Moderate_Early_Early_123,MIP,5,753.0,197.0,457.0,336.0,Early,Early
Medium_Moderate_Light_High_Moderate_Moderate_Early_Early_123,MIP,8,793.0,199.0,457.0,336.0,Early,Early
Medium_Moderate_Light_High_Moderate_Moderate_Early_Early_123,IBS,7,457.0,0.0,457.0,336.0,Early,Early
Medium_Moderate_Light_High_Moderate_Moderate_Early_Early_123,IBS,1,457.0,0.0,457.0,336.0,Early,Early
Medium_Moderate_Light_High_Moderate_Moderate_Early_Early_123,IBS,10,458.0,0.0,457.0,336.0,Early,Early
Medium_Moderate_Light_High_Moderate_Moderate_Early_Early_123,IBS,8,457.0,0.0,457.0,336.0,Early,Early
Medium_Moderate_Light_High_Moderate_Moderate_Early_Early_123,IBS,4,458.0,0.0,457.0,336.0,Early,Early
Medium_Moderate_Light_High_Moderate_Moderate_Early_Early_123,IBS,3,457.0,0.0,457.0,336.0,Early,Early
Medium_Moderate_Light_High_Moderate_Moderate_Early_Early_123,IBS,2,457.0,0.0,457.0,336.0,Early,Early
Medium_Moderate_Light_High_Moderate_Moderate_Early_Early_123,IBS,9,458.0,0.0,457.0,336.0,Early,Early
Medium_Moderate_Light_High_Moderate_Moderate_Early_Early_123,IBS,6,458.0,0.0,457.0,336.0,Early,Early
Medium_Moderate_Light_High_Moderate_Moderate_Early_Early_123,IBS,5,458.0,0.0,457.0,336.0,Early,Early
Medium_Moderate_Light_High_Moderate_Moderate_Early_Early_123,CUTH,4,631.0,0.0,457.0,336.0,Early,Early
Medium_Moderate_Light_High_Moderate_Moderate_Early_Early_123,CUTH,9,631.0,0.0,457.0,336.0,Early,Early
Medium_Moderate_Light_High_Moderate_Moderate_Early_Early_123,CUTH,10,631.0,0.0,457.0,336.0,Early,Early
Medium_Moderate_Light_High_Moderate_Moderate_Early_Early_123,CUTH,3,631.0,0.0,457.0,336.0,Early,Early
Medium_Moderate_Light_High_Moderate_Moderate_Early_Early_123,CUTH,7,631.0,0.0,457.0,336.0,Early,Early
Medium_Moderate_Light_High_Moderate_Moderate_Early_Early_123,CUTH,8,631.0,0.0,457.0,336.0,Early,Early
Medium_Moderate_Light_High_Moderate_Moderate_Early_Early_123,CUTH,6,631.0,0.0,457.0,336.0,Early,Early
Medium_Moderate_Light_High_Moderate_Moderate_Early_Early_123,CUTH,2,631.0,0.0,457.0,336.0,Early,Early
Medium_Moderate_Light_High_Moderate_Moderate_Early_Early_123,CUTH,1,631.0,0.0,457.0,336.0,Early,Early
Medium_Moderate_Light_High_Moderate_Moderate_Early_Early_123,CUTH,5,631.0,0.0,457.0,336.0,Early,Early
Medium_Moderate_Light_High_Moderate_Moderate_Early_Early_123,LBBD,10,851.0,315.0,457.0,336.0,Early,Early
Medium_Moderate_Light_High_Moderate_Moderate_Early_Early_123,LBBD,9,885.0,329.0,457.0,336.0,Early,Early
Medium_Moderate_Light_High_Moderate_Moderate_Early_Early_123,LBBD,2,832.0,324.0,457.0,336.0,Early,Early
Medium_Moderate_Light_High_Moderate_Moderate_Early_Early_123,LBBD,7,773.0,334.0,457.0,336.0,Early,Early
Medium_Moderate_Light_High_Moderate_Moderate_Early_Early_123,LBBD,6,900.0,315.0,457.0,336.0,Early,Early
Medium_Moderate_Light_High_Moderate_Moderate_Early_Early_123,LBBD,1,809.0,321.0,457.0,336.0,Early,Early
Medium_Moderate_Light_High_Moderate_Moderate_Early_Early_123,LBBD,8,899.0,336.0,457.0,336.0,Early,Early
Medium_Moderate_Light_High_Moderate_Moderate_Early_Early_123,LBBD,5,900.0,335.0,457.0,336.0,Early,Early
Medium_Moderate_Light_High_Moderate_Moderate_Early_Early_123,LBBD,3,826.0,325.0,457.0,336.0,Early,Early
Medium_Moderate_Light_High_Moderate_Moderate_Early_Early_123,LBBD,4,891.0,318.0,457.0,336.0,Early,Early
Medium_Moderate_Light_High_Moderate_Moderate_Early_Early_123,ILS,6,896.0,0.0,457.0,336.0,Early,Early
Medium_Moderate_Light_High_Moderate_Moderate_Early_Early_123,ILS,4,898.0,0.0,457.0,336.0,Early,Early
Medium_Moderate_Light_High_Moderate_Moderate_Early_Early_123,ILS,10,900.0,0.0,457.0,336.0,Early,Early
Medium_Moderate_Light_High_Moderate_Moderate_Early_Early_123,ILS,2,899.0,0.0,457.0,336.0,Early,Early
Medium_Moderate_Light_High_Moderate_Moderate_Early_Early_123,ILS,3,894.0,0.0,457.0,336.0,Early,Early
Medium_Moderate_Light_High_Moderate_Moderate_Early_Early_123,ILS,9,893.0,0.0,457.0,336.0,Early,Early
Medium_Moderate_Light_High_Moderate_Moderate_Early_Early_123,ILS,7,895.0,0.0,457.0,336.0,Early,Early
Medium_Moderate_Light_High_Moderate_Moderate_Early_Early_123,ILS,1,899.0,0.0,457.0,336.0,Early,Early
Medium_Moderate_Light_High_Moderate_Moderate_Early_Early_123,ILS,5,899.0,0.0,457.0,336.0,Early,Early
Medium_Moderate_Light_High_Moderate_Moderate_Early_Early_123,ILS,8,894.0,0.0,457.0,336.0,Early,Early
Medium_Moderate_Light_High_Moderate_Moderate_Early_Early_123,RS,1,879.0,0.0,457.0,336.0,Early,Early